experiment_id,model_id,precision,model_size_mb,threads,pinning,mode,workload,compile_time_s,mean_ttft_ms,p50_ttft_ms,p95_ttft_ms,mean_tpot_ms,p50_tpot_ms,p95_tpot_ms,mean_inference_ms,p50_inference_ms,p95_inference_ms,mean_e2e_ms,mean_throughput_tok_s,peak_rss_mb,avg_cpu_percent,accuracy_pct,pareto_optimal_3d,pareto_latency_vs_accuracy,pareto_memory_vs_accuracy
fp32_t1_default_mode_a_medium,fp32,FP32,944.08,1,False,mode_a,medium,1.635,1.671,1.708,2.147,76.544,76.64,77.128,4900.486,4906.201,4938.066,4901.119,13.264,2837.56,739.07,24.0,False,False,False
fp32_t1_pinned_mode_a_medium,fp32,FP32,944.08,1,True,mode_a,medium,1.718,1.427,1.373,1.761,67.566,62.492,77.192,4325.64,4001.318,4941.517,4326.151,15.206,2862.25,743.74,24.0,False,False,False
fp32_t2_default_mode_a_medium,fp32,FP32,944.08,2,False,mode_a,medium,1.074,1.465,1.271,1.928,54.913,54.847,55.758,3515.874,3511.402,3569.841,3516.343,18.49,2889.59,859.95,24.0,False,False,False
fp32_t2_pinned_mode_a_medium,fp32,FP32,944.08,2,True,mode_a,medium,1.829,1.475,1.31,1.993,53.298,53.174,54.161,3412.566,3405.253,3467.672,3413.108,19.052,2914.36,871.31,24.0,False,False,False
fp32_t4_default_mode_a_medium,fp32,FP32,944.08,4,False,mode_a,medium,1.296,1.426,1.439,1.63,52.988,53.155,55.083,3392.642,3403.141,3526.674,3393.156,19.178,2939.82,1056.27,24.0,False,False,False
fp32_t4_pinned_mode_a_medium,fp32,FP32,944.08,4,True,mode_a,medium,1.521,1.472,1.474,1.714,51.758,51.785,51.927,3314.021,3315.871,3325.02,3314.564,19.614,2962.61,1069.15,24.0,False,False,False
fp32_t8_default_mode_a_medium,fp32,FP32,944.08,8,False,mode_a,medium,1.718,1.471,1.351,1.821,53.655,54.457,55.649,3435.385,3486.476,3563.116,3435.867,18.952,2988.6,1330.55,24.0,False,False,False
fp32_t8_pinned_mode_a_medium,fp32,FP32,944.08,8,True,mode_a,medium,1.07,1.467,1.584,1.646,53.675,53.515,55.54,3436.645,3426.219,3556.129,3437.177,18.924,3007.48,1329.41,24.0,False,False,False
fp32_t16_default_mode_a_medium,fp32,FP32,944.08,16,False,mode_a,medium,1.723,1.43,1.417,1.606,54.969,54.838,55.791,3519.468,3511.257,3571.918,3520.029,18.468,3021.41,1305.03,24.0,False,False,False
fp32_t16_pinned_mode_a_medium,fp32,FP32,944.08,16,True,mode_a,medium,1.501,1.45,1.536,1.64,53.123,53.66,54.578,3401.339,3435.756,3494.277,3401.849,19.128,3041.09,1320.21,24.0,False,False,False
fp16_t1_default_mode_a_medium,fp16,FP16,944.12,1,False,mode_a,medium,1.434,1.518,1.443,1.942,76.885,76.951,79.269,4922.159,4926.881,5074.542,4922.646,13.214,3058.23,746.12,24.0,False,False,False
fp16_t1_pinned_mode_a_medium,fp16,FP16,944.12,1,True,mode_a,medium,1.78,1.672,1.573,1.867,69.612,74.114,76.599,4456.835,4744.852,4904.141,4457.393,14.746,3074.93,743.04,24.0,False,False,False
fp16_t2_default_mode_a_medium,fp16,FP16,944.12,2,False,mode_a,medium,1.357,1.455,1.527,1.664,56.725,55.827,59.152,3631.881,3574.596,3787.259,3632.401,17.912,3091.84,860.78,24.0,False,False,False
fp16_t2_pinned_mode_a_medium,fp16,FP16,944.12,2,True,mode_a,medium,1.846,1.39,1.237,1.675,53.921,53.735,54.748,3452.333,3440.242,3505.471,3452.816,18.828,3108.49,871.18,24.0,False,False,False
fp16_t4_default_mode_a_medium,fp16,FP16,944.12,4,False,mode_a,medium,1.579,1.393,1.285,1.629,52.199,52.266,52.576,3342.129,3346.232,3366.455,3342.608,19.45,3124.87,1071.02,24.0,False,False,False
fp16_t4_pinned_mode_a_medium,fp16,FP16,944.12,4,True,mode_a,medium,1.832,1.473,1.568,1.612,50.812,50.399,53.748,3253.401,3226.764,3441.44,3253.85,20.012,3139.07,1068.81,24.0,False,False,False
fp16_t8_default_mode_a_medium,fp16,FP16,944.12,8,False,mode_a,medium,1.442,1.515,1.601,1.622,54.844,54.826,55.201,3511.534,3510.376,3534.209,3512.095,18.51,3155.34,1305.5,24.0,False,False,False
fp16_t8_pinned_mode_a_medium,fp16,FP16,944.12,8,True,mode_a,medium,1.771,1.525,1.439,1.724,53.855,53.688,54.691,3448.251,3437.498,3501.847,3448.809,18.852,3171.8,1305.97,24.0,False,False,False
fp16_t16_default_mode_a_medium,fp16,FP16,944.12,16,False,mode_a,medium,1.902,1.525,1.604,1.728,55.169,54.445,57.081,3532.352,3486.238,3654.607,3532.908,18.41,3188.58,1309.07,24.0,False,False,False
fp16_t16_pinned_mode_a_medium,fp16,FP16,944.12,16,True,mode_a,medium,1.567,1.521,1.587,1.748,53.596,53.964,56.828,3431.659,3455.318,3638.245,3432.181,18.99,3206.01,1333.29,24.0,False,False,False
int8_asym_t1_default_mode_a_medium,int8_asym,INT8,474.74,1,False,mode_a,medium,2.339,1.498,1.572,1.686,48.527,47.612,50.37,3107.203,3048.795,3225.187,3107.827,20.938,2322.38,732.6,28.0,True,False,True
int8_asym_t1_pinned_mode_a_medium,int8_asym,INT8,474.74,1,True,mode_a,medium,1.975,1.424,1.354,1.671,49.716,50.388,51.083,3183.258,3226.207,3270.885,3183.823,20.438,2366.84,741.32,28.0,False,False,False
int8_asym_t2_default_mode_a_medium,int8_asym,INT8,474.74,2,False,mode_a,medium,2.065,1.481,1.499,1.653,34.17,33.925,35.088,2188.38,2172.452,2247.235,2188.881,29.712,2414.36,870.91,28.0,True,False,False
int8_asym_t2_pinned_mode_a_medium,int8_asym,INT8,474.74,2,True,mode_a,medium,1.921,1.703,1.58,2.675,31.792,31.963,32.654,2036.42,2046.835,2091.428,2036.983,31.936,2465.21,872.08,28.0,True,False,False
int8_asym_t4_default_mode_a_medium,int8_asym,INT8,474.74,4,False,mode_a,medium,1.656,1.418,1.352,1.689,31.151,32.213,32.537,1995.093,2063.347,2083.671,1995.614,32.662,2514.4,1069.14,28.0,True,False,False
int8_asym_t4_pinned_mode_a_medium,int8_asym,INT8,474.74,4,True,mode_a,medium,2.156,1.416,1.323,1.672,30.881,30.944,31.548,1977.823,1981.622,2020.36,1978.339,32.87,2557.46,1068.82,28.0,True,False,False
int8_asym_t8_default_mode_a_medium,int8_asym,INT8,474.74,8,False,mode_a,medium,1.995,1.461,1.495,1.705,33.193,33.097,33.594,2125.799,2119.794,2151.701,2126.313,30.58,2607.46,1331.79,28.0,False,False,False
int8_asym_t8_pinned_mode_a_medium,int8_asym,INT8,474.74,8,True,mode_a,medium,2.189,1.413,1.385,1.634,31.994,31.616,33.108,2049.018,2024.992,2120.195,2049.5,31.74,2653.01,1349.94,28.0,False,False,False
int8_asym_t16_default_mode_a_medium,int8_asym,INT8,474.74,16,False,mode_a,medium,1.949,1.517,1.625,1.693,33.391,33.304,34.193,2138.537,2133.124,2189.955,2139.05,30.402,2700.14,1311.33,28.0,False,False,False
int8_asym_t16_pinned_mode_a_medium,int8_asym,INT8,474.74,16,True,mode_a,medium,2.219,1.412,1.415,1.597,31.527,31.371,31.895,2019.12,2009.299,2042.601,2019.59,32.198,2746.02,1366.79,28.0,False,False,False
int4_sym_g128_t1_default_mode_a_medium,int4_sym_g128,INT4,308.51,1,False,mode_a,medium,1.588,1.599,1.7,1.795,33.2,32.339,37.817,2126.417,2071.408,2422.052,2126.911,30.986,2471.86,727.07,28.0,False,False,False
int4_sym_g128_t1_pinned_mode_a_medium,int4_sym_g128,INT4,308.51,1,True,mode_a,medium,2.128,1.542,1.579,1.948,39.577,39.31,41.334,2534.491,2517.044,2646.959,2535.059,25.672,2517.46,738.2,28.0,False,False,False
int4_sym_g128_t2_default_mode_a_medium,int4_sym_g128,INT4,308.51,2,False,mode_a,medium,2.092,1.273,1.252,1.347,26.037,26.051,26.397,1667.612,1668.494,1690.721,1668.11,38.982,2566.14,863.98,28.0,True,False,False
int4_sym_g128_t2_pinned_mode_a_medium,int4_sym_g128,INT4,308.51,2,True,mode_a,medium,1.928,1.39,1.261,1.638,25.07,24.899,25.723,1605.84,1594.806,1647.849,1606.325,40.49,2610.59,890.12,28.0,True,False,False
int4_sym_g128_t4_default_mode_a_medium,int4_sym_g128,INT4,308.51,4,False,mode_a,medium,2.181,1.415,1.384,1.596,23.845,23.743,24.183,1527.493,1520.808,1549.27,1527.986,42.558,2658.94,1068.42,28.0,True,False,False
int4_sym_g128_t4_pinned_mode_a_medium,int4_sym_g128,INT4,308.51,4,True,mode_a,medium,1.95,1.447,1.308,1.857,23.469,23.331,24.066,1503.484,1494.513,1541.746,1503.974,43.244,2705.27,1056.05,28.0,True,False,False
int4_sym_g128_t8_default_mode_a_medium,int4_sym_g128,INT4,308.51,8,False,mode_a,medium,2.097,1.644,1.602,1.757,23.031,22.99,23.922,1475.646,1472.981,1532.766,1476.157,44.084,2753.63,1376.82,28.0,True,False,False
int4_sym_g128_t8_pinned_mode_a_medium,int4_sym_g128,INT4,308.51,8,True,mode_a,medium,1.367,1.419,1.411,1.593,22.563,22.52,22.697,1445.436,1442.878,1453.93,1445.959,44.97,2800.62,1401.26,28.0,True,True,False
int4_sym_g128_t16_default_mode_a_medium,int4_sym_g128,INT4,308.51,16,False,mode_a,medium,1.602,1.568,1.619,1.852,25.352,25.71,26.246,1624.114,1646.658,1681.203,1624.638,40.112,2848.07,1308.05,28.0,False,False,False
int4_sym_g128_t16_pinned_mode_a_medium,int4_sym_g128,INT4,308.51,16,True,mode_a,medium,2.237,1.429,1.36,1.658,24.273,24.014,25.097,1554.881,1538.56,1607.454,1555.395,41.826,2893.33,1365.46,28.0,False,False,False
int4_asym_g128_t1_default_mode_a_medium,int4_asym_g128,INT4,309.84,1,False,mode_a,medium,2.329,1.624,1.619,2.225,41.524,41.58,43.315,2659.131,2663.476,2773.78,2659.668,24.474,2948.27,749.07,24.0,False,False,False
int4_asym_g128_t1_pinned_mode_a_medium,int4_asym_g128,INT4,309.84,1,True,mode_a,medium,2.449,1.517,1.317,2.02,39.566,38.97,41.478,2533.725,2496.206,2655.916,2534.277,25.678,2993.99,732.41,24.0,False,False,False
int4_asym_g128_t2_default_mode_a_medium,int4_asym_g128,INT4,309.84,2,False,mode_a,medium,2.217,1.415,1.276,1.744,26.822,26.785,27.185,1717.994,1715.839,1741.508,1718.506,37.84,3043.9,859.96,24.0,False,False,False
int4_asym_g128_t2_pinned_mode_a_medium,int4_asym_g128,INT4,309.84,2,True,mode_a,medium,2.42,1.359,1.252,1.599,24.922,25.162,25.992,1596.364,1611.972,1664.999,1596.839,40.782,3090.55,886.37,24.0,False,False,False
int4_asym_g128_t4_default_mode_a_medium,int4_asym_g128,INT4,309.84,4,False,mode_a,medium,1.545,1.476,1.401,1.846,22.745,22.634,23.007,1457.17,1449.859,1474.098,1457.679,44.61,3137.82,1063.69,24.0,False,False,False
int4_asym_g128_t4_pinned_mode_a_medium,int4_asym_g128,INT4,309.84,4,True,mode_a,medium,1.711,1.343,1.242,1.541,22.948,22.566,24.723,1470.014,1445.738,1583.752,1470.488,44.326,3185.5,1061.56,24.0,False,False,False
int4_asym_g128_t8_default_mode_a_medium,int4_asym_g128,INT4,309.84,8,False,mode_a,medium,2.293,1.363,1.282,1.623,25.667,25.391,26.627,1644.046,1626.286,1705.409,1644.532,39.562,3234.83,1324.53,24.0,False,False,False
int4_asym_g128_t8_pinned_mode_a_medium,int4_asym_g128,INT4,309.84,8,True,mode_a,medium,2.024,1.501,1.629,1.683,24.737,24.673,25.442,1584.645,1580.75,1629.818,1585.171,41.036,3281.55,1341.27,24.0,False,False,False
int4_asym_g128_t16_default_mode_a_medium,int4_asym_g128,INT4,309.84,16,False,mode_a,medium,2.383,1.425,1.383,1.622,25.738,25.541,26.817,1648.669,1635.986,1717.82,1649.183,39.456,3327.96,1331.73,24.0,False,False,False
int4_asym_g128_t16_pinned_mode_a_medium,int4_asym_g128,INT4,309.84,16,True,mode_a,medium,2.065,1.394,1.26,1.625,24.335,24.29,24.654,1558.865,1555.787,1579.19,1559.357,41.7,3377.96,1365.36,24.0,False,False,False
int4_sym_g128_awq_t1_default_mode_a_medium,int4_sym_g128_awq,INT4_AWQ,308.51,1,False,mode_a,medium,2.281,1.554,1.449,2.003,41.117,41.486,41.876,2633.03,2656.323,2681.721,2633.766,24.694,3424.66,727.92,28.0,False,False,False
int4_sym_g128_awq_t1_pinned_mode_a_medium,int4_sym_g128_awq,INT4_AWQ,308.51,1,True,mode_a,medium,1.851,1.552,1.422,2.143,29.371,28.818,32.344,1881.32,1846.078,2071.635,1881.885,34.692,3473.1,736.29,28.0,False,False,False
int4_sym_g128_awq_t2_default_mode_a_medium,int4_sym_g128_awq,INT4_AWQ,308.51,2,False,mode_a,medium,1.56,1.431,1.479,1.631,26.492,26.972,27.439,1696.933,1727.667,1757.713,1697.495,38.382,3523.93,864.21,28.0,False,False,False
int4_sym_g128_awq_t2_pinned_mode_a_medium,int4_sym_g128_awq,INT4_AWQ,308.51,2,True,mode_a,medium,2.267,1.462,1.243,2.021,25.744,25.766,26.206,1649.07,1650.282,1678.432,1649.538,39.426,3570.38,907.37,28.0,False,False,False
int4_sym_g128_awq_t4_default_mode_a_medium,int4_sym_g128_awq,INT4_AWQ,308.51,4,False,mode_a,medium,1.955,1.458,1.419,1.712,24.059,24.018,24.436,1541.249,1538.601,1565.21,1541.746,42.18,3619.13,1055.45,28.0,False,False,False
int4_sym_g128_awq_t4_pinned_mode_a_medium,int4_sym_g128_awq,INT4_AWQ,308.51,4,True,mode_a,medium,2.121,1.405,1.26,1.695,23.572,23.476,23.919,1509.996,1504.19,1532.037,1510.512,43.05,3668.92,1079.71,28.0,False,False,False
int4_sym_g128_awq_t8_default_mode_a_medium,int4_sym_g128_awq,INT4_AWQ,308.51,8,False,mode_a,medium,1.958,1.465,1.312,1.877,25.332,25.189,25.975,1622.729,1613.413,1664.253,1623.246,40.068,3717.76,1328.63,28.0,False,False,False
int4_sym_g128_awq_t8_pinned_mode_a_medium,int4_sym_g128_awq,INT4_AWQ,308.51,8,True,mode_a,medium,2.111,1.339,1.306,1.428,24.326,24.137,24.823,1558.196,1546.044,1590.086,1558.707,41.724,3765.98,1363.27,28.0,False,False,False
int4_sym_g128_awq_t16_default_mode_a_medium,int4_sym_g128_awq,INT4_AWQ,308.51,16,False,mode_a,medium,1.968,1.279,1.203,1.493,23.071,22.588,24.616,1477.796,1447.164,1576.599,1478.258,44.068,3815.04,1339.3,28.0,False,False,False
int4_sym_g128_awq_t16_pinned_mode_a_medium,int4_sym_g128_awq,INT4_AWQ,308.51,16,True,mode_a,medium,1.646,1.397,1.356,1.656,24.455,24.345,25.814,1566.497,1559.486,1653.377,1567.002,41.552,3867.62,1340.83,28.0,False,False,False
int4_sym_g128_scale_est_t1_default_mode_a_medium,int4_sym_g128_scale_est,INT4_SCALE_EST,308.51,1,False,mode_a,medium,2.357,1.776,1.625,2.222,38.882,38.688,39.942,2490.216,2477.461,2558.062,2490.873,26.112,3917.82,736.71,28.0,False,False,False
int4_sym_g128_scale_est_t1_pinned_mode_a_medium,int4_sym_g128_scale_est,INT4_SCALE_EST,308.51,1,True,mode_a,medium,1.872,1.573,1.584,1.877,39.25,39.453,40.124,2513.567,2526.385,2569.272,2514.063,25.87,3967.67,727.35,28.0,False,False,False
int4_sym_g128_scale_est_t2_default_mode_a_medium,int4_sym_g128_scale_est,INT4_SCALE_EST,308.51,2,False,mode_a,medium,2.06,1.591,1.587,1.828,24.998,24.903,25.392,1601.495,1595.364,1626.787,1601.966,40.592,4018.91,874.16,28.0,False,False,False
int4_sym_g128_scale_est_t2_pinned_mode_a_medium,int4_sym_g128_scale_est,INT4_SCALE_EST,308.51,2,True,mode_a,medium,1.402,1.476,1.532,1.701,24.64,24.879,25.088,1578.409,1593.481,1606.983,1578.918,41.194,4070.81,862.45,28.0,False,False,False
int4_sym_g128_scale_est_t4_default_mode_a_medium,int4_sym_g128_scale_est,INT4_SCALE_EST,308.51,4,False,mode_a,medium,1.906,1.619,1.606,1.961,24.439,24.35,25.576,1565.75,1560.019,1638.831,1566.314,41.554,4120.17,1063.73,28.0,False,False,False
int4_sym_g128_scale_est_t4_pinned_mode_a_medium,int4_sym_g128_scale_est,INT4_SCALE_EST,308.51,4,True,mode_a,medium,1.99,1.486,1.603,1.683,23.525,23.398,23.821,1507.091,1498.703,1526.247,1507.605,43.132,4170.09,1053.24,28.0,False,False,False
int4_sym_g128_scale_est_t8_default_mode_a_medium,int4_sym_g128_scale_est,INT4_SCALE_EST,308.51,8,False,mode_a,medium,2.112,1.52,1.27,2.001,25.779,25.449,26.859,1651.386,1630.558,1720.253,1651.889,39.39,4218.7,1314.61,28.0,False,False,False
int4_sym_g128_scale_est_t8_pinned_mode_a_medium,int4_sym_g128_scale_est,INT4_SCALE_EST,308.51,8,True,mode_a,medium,2.177,1.369,1.341,1.537,23.726,22.921,25.925,1519.815,1468.513,1660.447,1520.302,42.912,4272.34,1380.08,28.0,False,False,False
int4_sym_g128_scale_est_t16_default_mode_a_medium,int4_sym_g128_scale_est,INT4_SCALE_EST,308.51,16,False,mode_a,medium,1.53,1.416,1.318,1.636,26.17,26.376,27.407,1676.288,1689.306,1755.305,1676.789,38.826,4322.76,1308.21,28.0,False,False,False
int4_sym_g128_scale_est_t16_pinned_mode_a_medium,int4_sym_g128_scale_est,INT4_SCALE_EST,308.51,16,True,mode_a,medium,2.154,1.333,1.285,1.462,24.35,24.146,25.081,1559.751,1546.841,1606.419,1560.221,41.69,4374.97,1335.52,28.0,False,False,False
