experiment_id,model_id,precision,threads,pinning,mean_inference_ms,mean_tpot_ms,mean_ttft_ms,throughput_tok_s,speedup_vs_fp32_t1,speedup_tpot,speedup_ttft,self_speedup,parallel_efficiency_pct,peak_rss_mb,avg_cpu_percent
fp32_t1_default_mode_a_medium,fp32,FP32,1,False,4900.486,76.544,1.671,13.264,1.0,1.0,1.0,1.0,100.0,2837.56,739.07
fp32_t1_pinned_mode_a_medium,fp32,FP32,1,True,4325.64,67.566,1.427,15.206,1.133,1.133,1.171,1.0,100.0,2862.25,743.74
fp32_t2_default_mode_a_medium,fp32,FP32,2,False,3515.874,54.913,1.465,18.49,1.394,1.394,1.141,1.394,69.7,2889.59,859.95
fp32_t2_pinned_mode_a_medium,fp32,FP32,2,True,3412.566,53.298,1.475,19.052,1.436,1.436,1.133,1.268,63.4,2914.36,871.31
fp32_t4_default_mode_a_medium,fp32,FP32,4,False,3392.642,52.988,1.426,19.178,1.444,1.445,1.172,1.444,36.1,2939.82,1056.27
fp32_t4_pinned_mode_a_medium,fp32,FP32,4,True,3314.021,51.758,1.472,19.614,1.479,1.479,1.135,1.305,32.62,2962.61,1069.15
fp32_t8_default_mode_a_medium,fp32,FP32,8,False,3435.385,53.655,1.471,18.952,1.426,1.427,1.136,1.426,17.82,2988.6,1330.55
fp32_t8_pinned_mode_a_medium,fp32,FP32,8,True,3436.645,53.675,1.467,18.924,1.426,1.426,1.139,1.259,15.74,3007.48,1329.41
fp32_t16_default_mode_a_medium,fp32,FP32,16,False,3519.468,54.969,1.43,18.468,1.392,1.392,1.169,1.392,8.7,3021.41,1305.03
fp32_t16_pinned_mode_a_medium,fp32,FP32,16,True,3401.339,53.123,1.45,19.128,1.441,1.441,1.152,1.272,7.95,3041.09,1320.21
fp16_t1_default_mode_a_medium,fp16,FP16,1,False,4922.159,76.885,1.518,13.214,0.996,0.996,1.101,1.0,100.0,3058.23,746.12
fp16_t1_pinned_mode_a_medium,fp16,FP16,1,True,4456.835,69.612,1.672,14.746,1.1,1.1,0.999,1.0,100.0,3074.93,743.04
fp16_t2_default_mode_a_medium,fp16,FP16,2,False,3631.881,56.725,1.455,17.912,1.349,1.349,1.148,1.355,67.75,3091.84,860.78
fp16_t2_pinned_mode_a_medium,fp16,FP16,2,True,3452.333,53.921,1.39,18.828,1.419,1.42,1.202,1.291,64.55,3108.49,871.18
fp16_t4_default_mode_a_medium,fp16,FP16,4,False,3342.129,52.199,1.393,19.45,1.466,1.466,1.2,1.473,36.83,3124.87,1071.02
fp16_t4_pinned_mode_a_medium,fp16,FP16,4,True,3253.401,50.812,1.473,20.012,1.506,1.506,1.134,1.37,34.25,3139.07,1068.81
fp16_t8_default_mode_a_medium,fp16,FP16,8,False,3511.534,54.844,1.515,18.51,1.396,1.396,1.103,1.402,17.52,3155.34,1305.5
fp16_t8_pinned_mode_a_medium,fp16,FP16,8,True,3448.251,53.855,1.525,18.852,1.421,1.421,1.096,1.292,16.15,3171.8,1305.97
fp16_t16_default_mode_a_medium,fp16,FP16,16,False,3532.352,55.169,1.525,18.41,1.387,1.387,1.096,1.393,8.71,3188.58,1309.07
fp16_t16_pinned_mode_a_medium,fp16,FP16,16,True,3431.659,53.596,1.521,18.99,1.428,1.428,1.099,1.299,8.12,3206.01,1333.29
int8_asym_t1_default_mode_a_medium,int8_asym,INT8,1,False,3107.203,48.527,1.498,20.938,1.577,1.577,1.115,1.0,100.0,2322.38,732.6
int8_asym_t1_pinned_mode_a_medium,int8_asym,INT8,1,True,3183.258,49.716,1.424,20.438,1.539,1.54,1.173,1.0,100.0,2366.84,741.32
int8_asym_t2_default_mode_a_medium,int8_asym,INT8,2,False,2188.38,34.17,1.481,29.712,2.239,2.24,1.128,1.42,71.0,2414.36,870.91
int8_asym_t2_pinned_mode_a_medium,int8_asym,INT8,2,True,2036.42,31.792,1.703,31.936,2.406,2.408,0.981,1.563,78.15,2465.21,872.08
int8_asym_t4_default_mode_a_medium,int8_asym,INT8,4,False,1995.093,31.151,1.418,32.662,2.456,2.457,1.178,1.557,38.92,2514.4,1069.14
int8_asym_t4_pinned_mode_a_medium,int8_asym,INT8,4,True,1977.823,30.881,1.416,32.87,2.478,2.479,1.18,1.609,40.23,2557.46,1068.82
int8_asym_t8_default_mode_a_medium,int8_asym,INT8,8,False,2125.799,33.193,1.461,30.58,2.305,2.306,1.144,1.462,18.27,2607.46,1331.79
int8_asym_t8_pinned_mode_a_medium,int8_asym,INT8,8,True,2049.018,31.994,1.413,31.74,2.392,2.392,1.183,1.554,19.43,2653.01,1349.94
int8_asym_t16_default_mode_a_medium,int8_asym,INT8,16,False,2138.537,33.391,1.517,30.402,2.292,2.292,1.102,1.453,9.08,2700.14,1311.33
int8_asym_t16_pinned_mode_a_medium,int8_asym,INT8,16,True,2019.12,31.527,1.412,32.198,2.427,2.428,1.183,1.577,9.86,2746.02,1366.79
int4_sym_g128_t1_default_mode_a_medium,int4_sym_g128,INT4,1,False,2126.417,33.2,1.599,30.986,2.305,2.306,1.045,1.0,100.0,2471.86,727.07
int4_sym_g128_t1_pinned_mode_a_medium,int4_sym_g128,INT4,1,True,2534.491,39.577,1.542,25.672,1.934,1.934,1.084,1.0,100.0,2517.46,738.2
int4_sym_g128_t2_default_mode_a_medium,int4_sym_g128,INT4,2,False,1667.612,26.037,1.273,38.982,2.939,2.94,1.313,1.275,63.75,2566.14,863.98
int4_sym_g128_t2_pinned_mode_a_medium,int4_sym_g128,INT4,2,True,1605.84,25.07,1.39,40.49,3.052,3.053,1.202,1.578,78.9,2610.59,890.12
int4_sym_g128_t4_default_mode_a_medium,int4_sym_g128,INT4,4,False,1527.493,23.845,1.415,42.558,3.208,3.21,1.181,1.392,34.8,2658.94,1068.42
int4_sym_g128_t4_pinned_mode_a_medium,int4_sym_g128,INT4,4,True,1503.484,23.469,1.447,43.244,3.259,3.261,1.155,1.686,42.15,2705.27,1056.05
int4_sym_g128_t8_default_mode_a_medium,int4_sym_g128,INT4,8,False,1475.646,23.031,1.644,44.084,3.321,3.324,1.016,1.441,18.01,2753.63,1376.82
int4_sym_g128_t8_pinned_mode_a_medium,int4_sym_g128,INT4,8,True,1445.436,22.563,1.419,44.97,3.39,3.392,1.178,1.753,21.91,2800.62,1401.26
int4_sym_g128_t16_default_mode_a_medium,int4_sym_g128,INT4,16,False,1624.114,25.352,1.568,40.112,3.017,3.019,1.066,1.309,8.18,2848.07,1308.05
int4_sym_g128_t16_pinned_mode_a_medium,int4_sym_g128,INT4,16,True,1554.881,24.273,1.429,41.826,3.152,3.153,1.169,1.63,10.19,2893.33,1365.46
int4_asym_g128_t1_default_mode_a_medium,int4_asym_g128,INT4,1,False,2659.131,41.524,1.624,24.474,1.843,1.843,1.029,1.0,100.0,2948.27,749.07
int4_asym_g128_t1_pinned_mode_a_medium,int4_asym_g128,INT4,1,True,2533.725,39.566,1.517,25.678,1.934,1.935,1.102,1.0,100.0,2993.99,732.41
int4_asym_g128_t2_default_mode_a_medium,int4_asym_g128,INT4,2,False,1717.994,26.822,1.415,37.84,2.852,2.854,1.181,1.548,77.4,3043.9,859.96
int4_asym_g128_t2_pinned_mode_a_medium,int4_asym_g128,INT4,2,True,1596.364,24.922,1.359,40.782,3.07,3.071,1.23,1.587,79.35,3090.55,886.37
int4_asym_g128_t4_default_mode_a_medium,int4_asym_g128,INT4,4,False,1457.17,22.745,1.476,44.61,3.363,3.365,1.132,1.825,45.62,3137.82,1063.69
int4_asym_g128_t4_pinned_mode_a_medium,int4_asym_g128,INT4,4,True,1470.014,22.948,1.343,44.326,3.334,3.336,1.244,1.724,43.1,3185.5,1061.56
int4_asym_g128_t8_default_mode_a_medium,int4_asym_g128,INT4,8,False,1644.046,25.667,1.363,39.562,2.981,2.982,1.226,1.617,20.21,3234.83,1324.53
int4_asym_g128_t8_pinned_mode_a_medium,int4_asym_g128,INT4,8,True,1584.645,24.737,1.501,41.036,3.092,3.094,1.113,1.599,19.99,3281.55,1341.27
int4_asym_g128_t16_default_mode_a_medium,int4_asym_g128,INT4,16,False,1648.669,25.738,1.425,39.456,2.972,2.974,1.173,1.613,10.08,3327.96,1331.73
int4_asym_g128_t16_pinned_mode_a_medium,int4_asym_g128,INT4,16,True,1558.865,24.335,1.394,41.7,3.144,3.145,1.199,1.625,10.16,3377.96,1365.36
int4_sym_g128_awq_t1_default_mode_a_medium,int4_sym_g128_awq,INT4_AWQ,1,False,2633.03,41.117,1.554,24.694,1.861,1.862,1.075,1.0,100.0,3424.66,727.92
int4_sym_g128_awq_t1_pinned_mode_a_medium,int4_sym_g128_awq,INT4_AWQ,1,True,1881.32,29.371,1.552,34.692,2.605,2.606,1.077,1.0,100.0,3473.1,736.29
int4_sym_g128_awq_t2_default_mode_a_medium,int4_sym_g128_awq,INT4_AWQ,2,False,1696.933,26.492,1.431,38.382,2.888,2.889,1.168,1.552,77.6,3523.93,864.21
int4_sym_g128_awq_t2_pinned_mode_a_medium,int4_sym_g128_awq,INT4_AWQ,2,True,1649.07,25.744,1.462,39.426,2.972,2.973,1.143,1.141,57.05,3570.38,907.37
int4_sym_g128_awq_t4_default_mode_a_medium,int4_sym_g128_awq,INT4_AWQ,4,False,1541.249,24.059,1.458,42.18,3.18,3.182,1.146,1.708,42.7,3619.13,1055.45
int4_sym_g128_awq_t4_pinned_mode_a_medium,int4_sym_g128_awq,INT4_AWQ,4,True,1509.996,23.572,1.405,43.05,3.245,3.247,1.189,1.246,31.15,3668.92,1079.71
int4_sym_g128_awq_t8_default_mode_a_medium,int4_sym_g128_awq,INT4_AWQ,8,False,1622.729,25.332,1.465,40.068,3.02,3.022,1.141,1.623,20.29,3717.76,1328.63
int4_sym_g128_awq_t8_pinned_mode_a_medium,int4_sym_g128_awq,INT4_AWQ,8,True,1558.196,24.326,1.339,41.724,3.145,3.147,1.248,1.207,15.09,3765.98,1363.27
int4_sym_g128_awq_t16_default_mode_a_medium,int4_sym_g128_awq,INT4_AWQ,16,False,1477.796,23.071,1.279,44.068,3.316,3.318,1.306,1.782,11.14,3815.04,1339.3
int4_sym_g128_awq_t16_pinned_mode_a_medium,int4_sym_g128_awq,INT4_AWQ,16,True,1566.497,24.455,1.397,41.552,3.128,3.13,1.196,1.201,7.51,3867.62,1340.83
int4_sym_g128_scale_est_t1_default_mode_a_medium,int4_sym_g128_scale_est,INT4_SCALE_EST,1,False,2490.216,38.882,1.776,26.112,1.968,1.969,0.941,1.0,100.0,3917.82,736.71
int4_sym_g128_scale_est_t1_pinned_mode_a_medium,int4_sym_g128_scale_est,INT4_SCALE_EST,1,True,2513.567,39.25,1.573,25.87,1.95,1.95,1.062,1.0,100.0,3967.67,727.35
int4_sym_g128_scale_est_t2_default_mode_a_medium,int4_sym_g128_scale_est,INT4_SCALE_EST,2,False,1601.495,24.998,1.591,40.592,3.06,3.062,1.05,1.555,77.75,4018.91,874.16
int4_sym_g128_scale_est_t2_pinned_mode_a_medium,int4_sym_g128_scale_est,INT4_SCALE_EST,2,True,1578.409,24.64,1.476,41.194,3.105,3.106,1.132,1.592,79.6,4070.81,862.45
int4_sym_g128_scale_est_t4_default_mode_a_medium,int4_sym_g128_scale_est,INT4_SCALE_EST,4,False,1565.75,24.439,1.619,41.554,3.13,3.132,1.032,1.59,39.75,4120.17,1063.73
int4_sym_g128_scale_est_t4_pinned_mode_a_medium,int4_sym_g128_scale_est,INT4_SCALE_EST,4,True,1507.091,23.525,1.486,43.132,3.252,3.254,1.124,1.668,41.7,4170.09,1053.24
int4_sym_g128_scale_est_t8_default_mode_a_medium,int4_sym_g128_scale_est,INT4_SCALE_EST,8,False,1651.386,25.779,1.52,39.39,2.967,2.969,1.099,1.508,18.85,4218.7,1314.61
int4_sym_g128_scale_est_t8_pinned_mode_a_medium,int4_sym_g128_scale_est,INT4_SCALE_EST,8,True,1519.815,23.726,1.369,42.912,3.224,3.226,1.221,1.654,20.67,4272.34,1380.08
int4_sym_g128_scale_est_t16_default_mode_a_medium,int4_sym_g128_scale_est,INT4_SCALE_EST,16,False,1676.288,26.17,1.416,38.826,2.923,2.925,1.18,1.486,9.29,4322.76,1308.21
int4_sym_g128_scale_est_t16_pinned_mode_a_medium,int4_sym_g128_scale_est,INT4_SCALE_EST,16,True,1559.751,24.35,1.333,41.69,3.142,3.143,1.254,1.612,10.08,4374.97,1335.52
