experiment_id,model_id,precision,model_size_mb,threads_requested,threads_actual,pinning_requested,pinning_actual,mode,workload,run_index,input_tokens,output_tokens,retrieval_ms,prompt_assembly_ms,ttft_ms,tpot_ms,total_inference_ms,total_e2e_ms,throughput_tok_s
fp32_t1_default_mode_a_medium,fp32,FP32,944.08,1,1,False,False,mode_a,medium,1,108,65,0.0,0.0,1.277,75.756,4849.664,4850.327,13.4
fp32_t1_default_mode_a_medium,fp32,FP32,944.08,1,1,False,False,mode_a,medium,2,108,65,0.0,0.0,1.708,76.682,4909.328,4909.869,13.24
fp32_t1_default_mode_a_medium,fp32,FP32,944.08,1,1,False,False,mode_a,medium,3,108,65,0.0,0.0,1.948,77.239,4945.251,4946.172,13.14
fp32_t1_default_mode_a_medium,fp32,FP32,944.08,1,1,False,False,mode_a,medium,4,108,65,0.0,0.0,1.225,76.64,4906.201,4906.64,13.25
fp32_t1_default_mode_a_medium,fp32,FP32,944.08,1,1,False,False,mode_a,medium,5,108,65,0.0,0.0,2.197,76.403,4891.984,4892.588,13.29
fp32_t1_pinned_mode_a_medium,fp32,FP32,944.08,1,1,True,True,mode_a,medium,1,108,65,0.0,0.0,1.373,75.884,4857.971,4858.67,13.38
fp32_t1_pinned_mode_a_medium,fp32,FP32,944.08,1,1,True,True,mode_a,medium,2,108,65,0.0,0.0,1.214,77.519,4962.403,4962.834,13.1
fp32_t1_pinned_mode_a_medium,fp32,FP32,944.08,1,1,True,True,mode_a,medium,3,108,65,0.0,0.0,1.186,60.191,3853.391,3853.813,16.87
fp32_t1_pinned_mode_a_medium,fp32,FP32,944.08,1,1,True,True,mode_a,medium,4,108,65,0.0,0.0,1.547,61.743,3953.118,3953.551,16.44
fp32_t1_pinned_mode_a_medium,fp32,FP32,944.08,1,1,True,True,mode_a,medium,5,108,65,0.0,0.0,1.814,62.492,4001.318,4001.886,16.24
fp32_t2_default_mode_a_medium,fp32,FP32,944.08,2,2,False,False,mode_a,medium,1,108,65,0.0,0.0,1.225,54.847,3511.402,3511.828,18.51
fp32_t2_default_mode_a_medium,fp32,FP32,944.08,2,2,False,False,mode_a,medium,2,108,65,0.0,0.0,1.222,54.317,3477.526,3477.971,18.69
fp32_t2_default_mode_a_medium,fp32,FP32,944.08,2,2,False,False,mode_a,medium,3,108,65,0.0,0.0,2.012,54.528,3491.804,3492.234,18.62
fp32_t2_default_mode_a_medium,fp32,FP32,944.08,2,2,False,False,mode_a,medium,4,108,65,0.0,0.0,1.271,55.973,3583.522,3584.027,18.14
fp32_t2_default_mode_a_medium,fp32,FP32,944.08,2,2,False,False,mode_a,medium,5,108,65,0.0,0.0,1.594,54.899,3515.116,3515.654,18.49
fp32_t2_pinned_mode_a_medium,fp32,FP32,944.08,2,2,True,True,mode_a,medium,1,108,65,0.0,0.0,2.133,53.174,3405.253,3406.113,19.09
fp32_t2_pinned_mode_a_medium,fp32,FP32,944.08,2,2,True,True,mode_a,medium,2,108,65,0.0,0.0,1.286,52.876,3385.36,3385.794,19.2
fp32_t2_pinned_mode_a_medium,fp32,FP32,944.08,2,2,True,True,mode_a,medium,3,108,65,0.0,0.0,1.31,54.391,3482.354,3482.812,18.67
fp32_t2_pinned_mode_a_medium,fp32,FP32,944.08,2,2,True,True,mode_a,medium,4,108,65,0.0,0.0,1.433,53.242,3408.943,3409.461,19.07
fp32_t2_pinned_mode_a_medium,fp32,FP32,944.08,2,2,True,True,mode_a,medium,5,108,65,0.0,0.0,1.215,52.808,3380.92,3381.362,19.23
fp32_t4_default_mode_a_medium,fp32,FP32,944.08,4,4,False,False,mode_a,medium,1,108,65,0.0,0.0,1.439,50.533,3235.533,3236.138,20.09
fp32_t4_default_mode_a_medium,fp32,FP32,944.08,4,4,False,False,mode_a,medium,2,108,65,0.0,0.0,1.246,55.474,3551.591,3552.023,18.3
fp32_t4_default_mode_a_medium,fp32,FP32,944.08,4,4,False,False,mode_a,medium,3,108,65,0.0,0.0,1.642,53.521,3427.006,3427.569,18.97
fp32_t4_default_mode_a_medium,fp32,FP32,944.08,4,4,False,False,mode_a,medium,4,108,65,0.0,0.0,1.584,52.256,3345.941,3346.472,19.43
fp32_t4_default_mode_a_medium,fp32,FP32,944.08,4,4,False,False,mode_a,medium,5,108,65,0.0,0.0,1.221,53.155,3403.141,3403.58,19.1
fp32_t4_pinned_mode_a_medium,fp32,FP32,944.08,4,4,True,True,mode_a,medium,1,108,65,0.0,0.0,1.66,51.785,3315.9,3316.464,19.6
fp32_t4_pinned_mode_a_medium,fp32,FP32,944.08,4,4,True,True,mode_a,medium,2,108,65,0.0,0.0,1.272,51.624,3305.212,3305.738,19.67
fp32_t4_pinned_mode_a_medium,fp32,FP32,944.08,4,4,True,True,mode_a,medium,3,108,65,0.0,0.0,1.474,51.787,3315.871,3316.493,19.6
fp32_t4_pinned_mode_a_medium,fp32,FP32,944.08,4,4,True,True,mode_a,medium,4,108,65,0.0,0.0,1.228,51.634,3305.821,3306.271,19.66
fp32_t4_pinned_mode_a_medium,fp32,FP32,944.08,4,4,True,True,mode_a,medium,5,108,65,0.0,0.0,1.728,51.962,3327.3,3327.854,19.54
fp32_t8_default_mode_a_medium,fp32,FP32,944.08,8,8,False,False,mode_a,medium,1,108,65,0.0,0.0,1.655,55.894,3578.881,3579.421,18.16
fp32_t8_default_mode_a_medium,fp32,FP32,944.08,8,8,False,False,mode_a,medium,2,108,65,0.0,0.0,1.233,54.669,3500.055,3500.549,18.57
fp32_t8_default_mode_a_medium,fp32,FP32,944.08,8,8,False,False,mode_a,medium,3,108,65,0.0,0.0,1.252,54.457,3486.476,3486.923,18.64
fp32_t8_default_mode_a_medium,fp32,FP32,944.08,8,8,False,False,mode_a,medium,4,108,65,0.0,0.0,1.351,53.66,3435.584,3436.086,18.92
fp32_t8_default_mode_a_medium,fp32,FP32,944.08,8,8,False,False,mode_a,medium,5,108,65,0.0,0.0,1.863,49.595,3175.927,3176.356,20.47
fp32_t8_pinned_mode_a_medium,fp32,FP32,944.08,8,8,True,True,mode_a,medium,1,108,65,0.0,0.0,1.584,53.838,3447.244,3447.759,18.86
fp32_t8_pinned_mode_a_medium,fp32,FP32,944.08,8,8,True,True,mode_a,medium,2,108,65,0.0,0.0,1.205,52.763,3378.014,3378.501,19.24
fp32_t8_pinned_mode_a_medium,fp32,FP32,944.08,8,8,True,True,mode_a,medium,3,108,65,0.0,0.0,1.604,55.965,3583.35,3583.912,18.14
fp32_t8_pinned_mode_a_medium,fp32,FP32,944.08,8,8,True,True,mode_a,medium,4,108,65,0.0,0.0,1.287,53.515,3426.219,3426.748,18.97
fp32_t8_pinned_mode_a_medium,fp32,FP32,944.08,8,8,True,True,mode_a,medium,5,108,65,0.0,0.0,1.656,52.293,3348.399,3348.964,19.41
fp32_t16_default_mode_a_medium,fp32,FP32,944.08,16,8,False,False,mode_a,medium,1,108,65,0.0,0.0,1.417,55.131,3529.815,3530.498,18.41
fp32_t16_default_mode_a_medium,fp32,FP32,944.08,16,8,False,False,mode_a,medium,2,108,65,0.0,0.0,1.609,54.838,3511.257,3511.813,18.51
fp32_t16_default_mode_a_medium,fp32,FP32,944.08,16,8,False,False,mode_a,medium,3,108,65,0.0,0.0,1.592,54.136,3466.319,3466.88,18.75
fp32_t16_default_mode_a_medium,fp32,FP32,944.08,16,8,False,False,mode_a,medium,4,108,65,0.0,0.0,1.233,55.956,3582.444,3583.026,18.14
fp32_t16_default_mode_a_medium,fp32,FP32,944.08,16,8,False,False,mode_a,medium,5,108,65,0.0,0.0,1.297,54.784,3507.505,3507.931,18.53
fp32_t16_pinned_mode_a_medium,fp32,FP32,944.08,16,8,True,True,mode_a,medium,1,108,65,0.0,0.0,1.642,53.027,3395.386,3395.918,19.14
fp32_t16_pinned_mode_a_medium,fp32,FP32,944.08,16,8,True,True,mode_a,medium,2,108,65,0.0,0.0,1.632,54.226,3472.088,3472.65,18.72
fp32_t16_pinned_mode_a_medium,fp32,FP32,944.08,16,8,True,True,mode_a,medium,3,108,65,0.0,0.0,1.211,54.666,3499.824,3500.255,18.57
fp32_t16_pinned_mode_a_medium,fp32,FP32,944.08,16,8,True,True,mode_a,medium,4,108,65,0.0,0.0,1.229,50.038,3203.64,3204.115,20.29
fp32_t16_pinned_mode_a_medium,fp32,FP32,944.08,16,8,True,True,mode_a,medium,5,108,65,0.0,0.0,1.536,53.66,3435.756,3436.305,18.92
fp16_t1_default_mode_a_medium,fp16,FP16,944.12,1,1,False,False,mode_a,medium,1,108,65,0.0,0.0,1.443,77.958,4990.759,4991.2,13.02
fp16_t1_default_mode_a_medium,fp16,FP16,944.12,1,1,False,False,mode_a,medium,2,108,65,0.0,0.0,1.621,73.857,4728.438,4728.933,13.75
fp16_t1_default_mode_a_medium,fp16,FP16,944.12,1,1,False,False,mode_a,medium,3,108,65,0.0,0.0,2.022,76.951,4926.881,4927.459,13.19
fp16_t1_default_mode_a_medium,fp16,FP16,944.12,1,1,False,False,mode_a,medium,4,108,65,0.0,0.0,1.253,76.062,4869.228,4869.724,13.35
fp16_t1_default_mode_a_medium,fp16,FP16,944.12,1,1,False,False,mode_a,medium,5,108,65,0.0,0.0,1.25,79.597,5095.488,5095.913,12.76
fp16_t1_pinned_mode_a_medium,fp16,FP16,944.12,1,1,True,True,mode_a,medium,1,108,65,0.0,0.0,1.524,74.114,4744.852,4745.31,13.7
fp16_t1_pinned_mode_a_medium,fp16,FP16,944.12,1,1,True,True,mode_a,medium,2,108,65,0.0,0.0,1.878,76.966,4927.722,4928.243,13.19
fp16_t1_pinned_mode_a_medium,fp16,FP16,944.12,1,1,True,True,mode_a,medium,3,108,65,0.0,0.0,1.573,75.129,4809.818,4810.353,13.51
fp16_t1_pinned_mode_a_medium,fp16,FP16,944.12,1,1,True,True,mode_a,medium,4,108,65,0.0,0.0,1.56,60.906,3899.532,3900.358,16.67
fp16_t1_pinned_mode_a_medium,fp16,FP16,944.12,1,1,True,True,mode_a,medium,5,108,65,0.0,0.0,1.825,60.944,3902.252,3902.703,16.66
fp16_t2_default_mode_a_medium,fp16,FP16,944.12,2,2,False,False,mode_a,medium,1,108,65,0.0,0.0,1.681,55.827,3574.596,3575.15,18.18
fp16_t2_default_mode_a_medium,fp16,FP16,944.12,2,2,False,False,mode_a,medium,2,108,65,0.0,0.0,1.234,55.03,3523.147,3523.606,18.45
fp16_t2_default_mode_a_medium,fp16,FP16,944.12,2,2,False,False,mode_a,medium,3,108,65,0.0,0.0,1.594,57.911,3707.881,3708.422,17.53
fp16_t2_default_mode_a_medium,fp16,FP16,944.12,2,2,False,False,mode_a,medium,4,108,65,0.0,0.0,1.527,59.462,3807.104,3807.714,17.07
fp16_t2_default_mode_a_medium,fp16,FP16,944.12,2,2,False,False,mode_a,medium,5,108,65,0.0,0.0,1.239,55.397,3546.678,3547.113,18.33
fp16_t2_pinned_mode_a_medium,fp16,FP16,944.12,2,2,True,True,mode_a,medium,1,108,65,0.0,0.0,1.237,53.481,3424.001,3424.442,18.98
fp16_t2_pinned_mode_a_medium,fp16,FP16,944.12,2,2,True,True,mode_a,medium,2,108,65,0.0,0.0,1.568,54.945,3518.062,3518.611,18.48
fp16_t2_pinned_mode_a_medium,fp16,FP16,944.12,2,2,True,True,mode_a,medium,3,108,65,0.0,0.0,1.234,53.485,3424.253,3424.721,18.98
fp16_t2_pinned_mode_a_medium,fp16,FP16,944.12,2,2,True,True,mode_a,medium,4,108,65,0.0,0.0,1.702,53.959,3455.106,3455.633,18.81
fp16_t2_pinned_mode_a_medium,fp16,FP16,944.12,2,2,True,True,mode_a,medium,5,108,65,0.0,0.0,1.21,53.735,3440.242,3440.673,18.89
fp16_t4_default_mode_a_medium,fp16,FP16,944.12,4,4,False,False,mode_a,medium,1,108,65,0.0,0.0,1.234,51.959,3326.58,3327.012,19.54
fp16_t4_default_mode_a_medium,fp16,FP16,944.12,4,4,False,False,mode_a,medium,2,108,65,0.0,0.0,1.637,52.638,3370.441,3370.992,19.29
fp16_t4_default_mode_a_medium,fp16,FP16,944.12,4,4,False,False,mode_a,medium,3,108,65,0.0,0.0,1.211,52.266,3346.232,3346.663,19.42
fp16_t4_default_mode_a_medium,fp16,FP16,944.12,4,4,False,False,mode_a,medium,4,108,65,0.0,0.0,1.285,51.806,3316.884,3317.323,19.6
fp16_t4_default_mode_a_medium,fp16,FP16,944.12,4,4,False,False,mode_a,medium,5,108,65,0.0,0.0,1.599,52.327,3350.509,3351.049,19.4
fp16_t4_pinned_mode_a_medium,fp16,FP16,944.12,4,4,True,True,mode_a,medium,1,108,65,0.0,0.0,1.355,52.321,3349.881,3350.334,19.4
fp16_t4_pinned_mode_a_medium,fp16,FP16,944.12,4,4,True,True,mode_a,medium,2,108,65,0.0,0.0,1.606,48.282,3091.627,3092.049,21.02
fp16_t4_pinned_mode_a_medium,fp16,FP16,944.12,4,4,True,True,mode_a,medium,3,108,65,0.0,0.0,1.22,50.399,3226.764,3227.256,20.14
fp16_t4_pinned_mode_a_medium,fp16,FP16,944.12,4,4,True,True,mode_a,medium,4,108,65,0.0,0.0,1.568,48.951,3134.402,3134.843,20.74
fp16_t4_pinned_mode_a_medium,fp16,FP16,944.12,4,4,True,True,mode_a,medium,5,108,65,0.0,0.0,1.614,54.105,3464.33,3464.769,18.76
fp16_t8_default_mode_a_medium,fp16,FP16,944.12,8,8,False,False,mode_a,medium,1,108,65,0.0,0.0,1.612,54.774,3507.137,3507.675,18.53
fp16_t8_default_mode_a_medium,fp16,FP16,944.12,8,8,False,False,mode_a,medium,2,108,65,0.0,0.0,1.492,54.826,3510.376,3510.955,18.52
fp16_t8_default_mode_a_medium,fp16,FP16,944.12,8,8,False,False,mode_a,medium,3,108,65,0.0,0.0,1.624,54.842,3511.527,3512.079,18.51
fp16_t8_default_mode_a_medium,fp16,FP16,944.12,8,8,False,False,mode_a,medium,4,108,65,0.0,0.0,1.244,55.291,3539.879,3540.393,18.36
fp16_t8_default_mode_a_medium,fp16,FP16,944.12,8,8,False,False,mode_a,medium,5,108,65,0.0,0.0,1.601,54.487,3488.752,3489.375,18.63
fp16_t8_pinned_mode_a_medium,fp16,FP16,944.12,8,8,True,True,mode_a,medium,1,108,65,0.0,0.0,1.671,54.799,3508.822,3509.595,18.52
fp16_t8_pinned_mode_a_medium,fp16,FP16,944.12,8,8,True,True,mode_a,medium,2,108,65,0.0,0.0,1.412,53.467,3423.273,3423.753,18.99
fp16_t8_pinned_mode_a_medium,fp16,FP16,944.12,8,8,True,True,mode_a,medium,3,108,65,0.0,0.0,1.439,53.688,3437.498,3438.049,18.91
fp16_t8_pinned_mode_a_medium,fp16,FP16,944.12,8,8,True,True,mode_a,medium,4,108,65,0.0,0.0,1.367,54.259,3473.946,3474.397,18.71
fp16_t8_pinned_mode_a_medium,fp16,FP16,944.12,8,8,True,True,mode_a,medium,5,108,65,0.0,0.0,1.737,53.062,3397.714,3398.251,19.13
fp16_t16_default_mode_a_medium,fp16,FP16,944.12,16,8,False,False,mode_a,medium,1,108,65,0.0,0.0,1.265,54.273,3474.736,3475.168,18.71
fp16_t16_default_mode_a_medium,fp16,FP16,944.12,16,8,False,False,mode_a,medium,2,108,65,0.0,0.0,1.604,55.503,3553.821,3554.387,18.29
fp16_t16_default_mode_a_medium,fp16,FP16,944.12,16,8,False,False,mode_a,medium,3,108,65,0.0,0.0,1.612,54.149,3467.163,3467.717,18.75
fp16_t16_default_mode_a_medium,fp16,FP16,944.12,16,8,False,False,mode_a,medium,4,108,65,0.0,0.0,1.757,54.445,3486.238,3486.791,18.64
fp16_t16_default_mode_a_medium,fp16,FP16,944.12,16,8,False,False,mode_a,medium,5,108,65,0.0,0.0,1.386,57.475,3679.804,3680.48,17.66
fp16_t16_pinned_mode_a_medium,fp16,FP16,944.12,16,8,True,True,mode_a,medium,1,108,65,0.0,0.0,1.786,51.553,3301.203,3301.845,19.69
fp16_t16_pinned_mode_a_medium,fp16,FP16,944.12,16,8,True,True,mode_a,medium,2,108,65,0.0,0.0,1.587,49.507,3170.022,3170.547,20.5
fp16_t16_pinned_mode_a_medium,fp16,FP16,944.12,16,8,True,True,mode_a,medium,3,108,65,0.0,0.0,1.228,57.061,3653.157,3653.596,17.79
fp16_t16_pinned_mode_a_medium,fp16,FP16,944.12,16,8,True,True,mode_a,medium,4,108,65,0.0,0.0,1.595,53.964,3455.318,3455.863,18.81
fp16_t16_pinned_mode_a_medium,fp16,FP16,944.12,16,8,True,True,mode_a,medium,5,108,65,0.0,0.0,1.409,55.894,3578.597,3579.056,18.16
int8_asym_t1_default_mode_a_medium,int8_asym,INT8,474.74,1,1,False,False,mode_a,medium,1,108,65,0.0,0.0,1.6,47.612,3048.795,3049.579,21.32
int8_asym_t1_default_mode_a_medium,int8_asym,INT8,474.74,1,1,False,False,mode_a,medium,2,108,65,0.0,0.0,1.707,47.131,3018.084,3018.689,21.54
int8_asym_t1_default_mode_a_medium,int8_asym,INT8,474.74,1,1,False,False,mode_a,medium,3,108,65,0.0,0.0,1.237,47.221,3023.38,3023.815,21.5
int8_asym_t1_default_mode_a_medium,int8_asym,INT8,474.74,1,1,False,False,mode_a,medium,4,108,65,0.0,0.0,1.374,50.276,3219.031,3219.663,20.19
int8_asym_t1_default_mode_a_medium,int8_asym,INT8,474.74,1,1,False,False,mode_a,medium,5,108,65,0.0,0.0,1.572,50.393,3226.726,3227.389,20.14
int8_asym_t1_pinned_mode_a_medium,int8_asym,INT8,474.74,1,1,True,True,mode_a,medium,1,108,65,0.0,0.0,1.627,51.167,3276.339,3277.276,19.84
int8_asym_t1_pinned_mode_a_medium,int8_asym,INT8,474.74,1,1,True,True,mode_a,medium,2,108,65,0.0,0.0,1.682,49.113,3144.922,3145.447,20.67
int8_asym_t1_pinned_mode_a_medium,int8_asym,INT8,474.74,1,1,True,True,mode_a,medium,3,108,65,0.0,0.0,1.237,47.164,3019.753,3020.224,21.52
int8_asym_t1_pinned_mode_a_medium,int8_asym,INT8,474.74,1,1,True,True,mode_a,medium,4,108,65,0.0,0.0,1.354,50.388,3226.207,3226.654,20.15
int8_asym_t1_pinned_mode_a_medium,int8_asym,INT8,474.74,1,1,True,True,mode_a,medium,5,108,65,0.0,0.0,1.22,50.748,3249.069,3249.515,20.01
int8_asym_t2_default_mode_a_medium,int8_asym,INT8,474.74,2,2,False,False,mode_a,medium,1,108,65,0.0,0.0,1.663,35.345,2263.729,2264.278,28.71
int8_asym_t2_default_mode_a_medium,int8_asym,INT8,474.74,2,2,False,False,mode_a,medium,2,108,65,0.0,0.0,1.406,33.667,2156.108,2156.598,30.15
int8_asym_t2_default_mode_a_medium,int8_asym,INT8,474.74,2,2,False,False,mode_a,medium,3,108,65,0.0,0.0,1.615,33.855,2168.35,2168.906,29.98
int8_asym_t2_default_mode_a_medium,int8_asym,INT8,474.74,2,2,False,False,mode_a,medium,4,108,65,0.0,0.0,1.499,34.059,2181.259,2181.715,29.8
int8_asym_t2_default_mode_a_medium,int8_asym,INT8,474.74,2,2,False,False,mode_a,medium,5,108,65,0.0,0.0,1.224,33.925,2172.452,2172.91,29.92
int8_asym_t2_pinned_mode_a_medium,int8_asym,INT8,474.74,2,2,True,True,mode_a,medium,1,108,65,0.0,0.0,1.201,31.963,2046.835,2047.383,31.76
int8_asym_t2_pinned_mode_a_medium,int8_asym,INT8,474.74,2,2,True,True,mode_a,medium,2,108,65,0.0,0.0,1.58,32.753,2097.781,2098.315,30.99
int8_asym_t2_pinned_mode_a_medium,int8_asym,INT8,474.74,2,2,True,True,mode_a,medium,3,108,65,0.0,0.0,1.608,32.256,2066.014,2066.582,31.46
int8_asym_t2_pinned_mode_a_medium,int8_asym,INT8,474.74,2,2,True,True,mode_a,medium,4,108,65,0.0,0.0,2.942,31.271,2004.317,2005.058,32.43
int8_asym_t2_pinned_mode_a_medium,int8_asym,INT8,474.74,2,2,True,True,mode_a,medium,5,108,65,0.0,0.0,1.183,30.718,1967.153,1967.575,33.04
int8_asym_t4_default_mode_a_medium,int8_asym,INT8,474.74,4,4,False,False,mode_a,medium,1,108,65,0.0,0.0,1.352,29.306,1876.921,1877.522,34.63
int8_asym_t4_default_mode_a_medium,int8_asym,INT8,474.74,4,4,False,False,mode_a,medium,2,108,65,0.0,0.0,1.218,29.208,1870.546,1870.982,34.75
int8_asym_t4_default_mode_a_medium,int8_asym,INT8,474.74,4,4,False,False,mode_a,medium,3,108,65,0.0,0.0,1.251,32.552,2084.568,2085.005,31.18
int8_asym_t4_default_mode_a_medium,int8_asym,INT8,474.74,4,4,False,False,mode_a,medium,4,108,65,0.0,0.0,1.725,32.213,2063.347,2063.908,31.5
int8_asym_t4_default_mode_a_medium,int8_asym,INT8,474.74,4,4,False,False,mode_a,medium,5,108,65,0.0,0.0,1.543,32.477,2080.084,2080.651,31.25
int8_asym_t4_pinned_mode_a_medium,int8_asym,INT8,474.74,4,4,True,True,mode_a,medium,1,108,65,0.0,0.0,1.323,31.694,2029.746,2030.383,32.02
int8_asym_t4_pinned_mode_a_medium,int8_asym,INT8,474.74,4,4,True,True,mode_a,medium,2,108,65,0.0,0.0,1.604,30.409,1947.811,1948.41,33.37
int8_asym_t4_pinned_mode_a_medium,int8_asym,INT8,474.74,4,4,True,True,mode_a,medium,3,108,65,0.0,0.0,1.226,30.944,1981.622,1982.058,32.8
int8_asym_t4_pinned_mode_a_medium,int8_asym,INT8,474.74,4,4,True,True,mode_a,medium,4,108,65,0.0,0.0,1.689,30.397,1947.123,1947.579,33.38
int8_asym_t4_pinned_mode_a_medium,int8_asym,INT8,474.74,4,4,True,True,mode_a,medium,5,108,65,0.0,0.0,1.236,30.962,1982.814,1983.265,32.78
int8_asym_t8_default_mode_a_medium,int8_asym,INT8,474.74,8,8,False,False,mode_a,medium,1,108,65,0.0,0.0,1.495,33.458,2142.79,2143.267,30.33
int8_asym_t8_default_mode_a_medium,int8_asym,INT8,474.74,8,8,False,False,mode_a,medium,2,108,65,0.0,0.0,1.236,32.971,2111.403,2111.853,30.79
int8_asym_t8_default_mode_a_medium,int8_asym,INT8,474.74,8,8,False,False,mode_a,medium,3,108,65,0.0,0.0,1.235,32.81,2101.077,2101.516,30.94
int8_asym_t8_default_mode_a_medium,int8_asym,INT8,474.74,8,8,False,False,mode_a,medium,4,108,65,0.0,0.0,1.611,33.097,2119.794,2120.393,30.66
int8_asym_t8_default_mode_a_medium,int8_asym,INT8,474.74,8,8,False,False,mode_a,medium,5,108,65,0.0,0.0,1.728,33.628,2153.929,2154.536,30.18
int8_asym_t8_pinned_mode_a_medium,int8_asym,INT8,474.74,8,8,True,True,mode_a,medium,1,108,65,0.0,0.0,1.646,32.342,2071.532,2072.09,31.38
int8_asym_t8_pinned_mode_a_medium,int8_asym,INT8,474.74,8,8,True,True,mode_a,medium,2,108,65,0.0,0.0,1.587,31.616,2024.992,2025.442,32.1
int8_asym_t8_pinned_mode_a_medium,int8_asym,INT8,474.74,8,8,True,True,mode_a,medium,3,108,65,0.0,0.0,1.214,33.299,2132.361,2132.82,30.48
int8_asym_t8_pinned_mode_a_medium,int8_asym,INT8,474.74,8,8,True,True,mode_a,medium,4,108,65,0.0,0.0,1.233,31.349,2007.586,2008.041,32.38
int8_asym_t8_pinned_mode_a_medium,int8_asym,INT8,474.74,8,8,True,True,mode_a,medium,5,108,65,0.0,0.0,1.385,31.363,2008.618,2009.108,32.36
int8_asym_t16_default_mode_a_medium,int8_asym,INT8,474.74,16,8,False,False,mode_a,medium,1,108,65,0.0,0.0,1.242,33.351,2135.705,2136.153,30.43
int8_asym_t16_default_mode_a_medium,int8_asym,INT8,474.74,16,8,False,False,mode_a,medium,2,108,65,0.0,0.0,1.625,33.059,2117.394,2117.946,30.7
int8_asym_t16_default_mode_a_medium,int8_asym,INT8,474.74,16,8,False,False,mode_a,medium,3,108,65,0.0,0.0,1.663,33.304,2133.124,2133.677,30.47
int8_asym_t16_default_mode_a_medium,int8_asym,INT8,474.74,16,8,False,False,mode_a,medium,4,108,65,0.0,0.0,1.354,32.837,2102.947,2103.409,30.91
int8_asym_t16_default_mode_a_medium,int8_asym,INT8,474.74,16,8,False,False,mode_a,medium,5,108,65,0.0,0.0,1.7,34.403,2203.517,2204.066,29.5
int8_asym_t16_pinned_mode_a_medium,int8_asym,INT8,474.74,16,8,True,True,mode_a,medium,1,108,65,0.0,0.0,1.613,31.863,2040.841,2041.375,31.85
int8_asym_t16_pinned_mode_a_medium,int8_asym,INT8,474.74,16,8,True,True,mode_a,medium,2,108,65,0.0,0.0,1.266,31.903,2043.041,2043.492,31.82
int8_asym_t16_pinned_mode_a_medium,int8_asym,INT8,474.74,16,8,True,True,mode_a,medium,3,108,65,0.0,0.0,1.415,31.339,2007.102,2007.557,32.39
int8_asym_t16_pinned_mode_a_medium,int8_asym,INT8,474.74,16,8,True,True,mode_a,medium,4,108,65,0.0,0.0,1.532,31.371,2009.299,2009.752,32.35
int8_asym_t16_pinned_mode_a_medium,int8_asym,INT8,474.74,16,8,True,True,mode_a,medium,5,108,65,0.0,0.0,1.235,31.158,1995.316,1995.774,32.58
int4_sym_g128_t1_default_mode_a_medium,int4_sym_g128,INT4,308.51,1,1,False,False,mode_a,medium,1,108,65,0.0,0.0,1.183,28.877,1849.32,1849.735,35.15
int4_sym_g128_t1_default_mode_a_medium,int4_sym_g128,INT4,308.51,1,1,False,False,mode_a,medium,2,108,65,0.0,0.0,1.558,29.327,1878.51,1879.05,34.6
int4_sym_g128_t1_default_mode_a_medium,int4_sym_g128,INT4,308.51,1,1,False,False,mode_a,medium,3,108,65,0.0,0.0,1.7,32.339,2071.408,2071.942,31.38
int4_sym_g128_t1_default_mode_a_medium,int4_sym_g128,INT4,308.51,1,1,False,False,mode_a,medium,4,108,65,0.0,0.0,1.744,37.583,2407.046,2407.48,27.0
int4_sym_g128_t1_default_mode_a_medium,int4_sym_g128,INT4,308.51,1,1,False,False,mode_a,medium,5,108,65,0.0,0.0,1.808,37.875,2425.803,2426.346,26.8
int4_sym_g128_t1_pinned_mode_a_medium,int4_sym_g128,INT4,308.51,1,1,True,True,mode_a,medium,1,108,65,0.0,0.0,1.67,41.737,2672.835,2673.428,24.32
int4_sym_g128_t1_pinned_mode_a_medium,int4_sym_g128,INT4,308.51,1,1,True,True,mode_a,medium,2,108,65,0.0,0.0,1.217,39.722,2543.454,2543.887,25.56
int4_sym_g128_t1_pinned_mode_a_medium,int4_sym_g128,INT4,308.51,1,1,True,True,mode_a,medium,3,108,65,0.0,0.0,1.226,39.31,2517.044,2517.515,25.82
int4_sym_g128_t1_pinned_mode_a_medium,int4_sym_g128,INT4,308.51,1,1,True,True,mode_a,medium,4,108,65,0.0,0.0,1.579,37.85,2423.976,2424.678,26.82
int4_sym_g128_t1_pinned_mode_a_medium,int4_sym_g128,INT4,308.51,1,1,True,True,mode_a,medium,5,108,65,0.0,0.0,2.017,39.268,2515.147,2515.785,25.84
int4_sym_g128_t2_default_mode_a_medium,int4_sym_g128,INT4,308.51,2,2,False,False,mode_a,medium,1,108,65,0.0,0.0,1.252,25.894,1658.439,1658.927,39.19
int4_sym_g128_t2_default_mode_a_medium,int4_sym_g128,INT4,308.51,2,2,False,False,mode_a,medium,2,108,65,0.0,0.0,1.359,26.467,1695.216,1695.869,38.34
int4_sym_g128_t2_default_mode_a_medium,int4_sym_g128,INT4,308.51,2,2,False,False,mode_a,medium,3,108,65,0.0,0.0,1.221,26.117,1672.739,1673.179,38.86
int4_sym_g128_t2_default_mode_a_medium,int4_sym_g128,INT4,308.51,2,2,False,False,mode_a,medium,4,108,65,0.0,0.0,1.237,26.051,1668.494,1668.968,38.96
int4_sym_g128_t2_default_mode_a_medium,int4_sym_g128,INT4,308.51,2,2,False,False,mode_a,medium,5,108,65,0.0,0.0,1.298,25.654,1643.172,1643.605,39.56
int4_sym_g128_t2_pinned_mode_a_medium,int4_sym_g128,INT4,308.51,2,2,True,True,mode_a,medium,1,108,65,0.0,0.0,1.649,25.046,1604.58,1605.138,40.51
int4_sym_g128_t2_pinned_mode_a_medium,int4_sym_g128,INT4,308.51,2,2,True,True,mode_a,medium,2,108,65,0.0,0.0,1.222,24.733,1584.121,1584.552,41.03
int4_sym_g128_t2_pinned_mode_a_medium,int4_sym_g128,INT4,308.51,2,2,True,True,mode_a,medium,3,108,65,0.0,0.0,1.261,24.899,1594.806,1595.267,40.76
int4_sym_g128_t2_pinned_mode_a_medium,int4_sym_g128,INT4,308.51,2,2,True,True,mode_a,medium,4,108,65,0.0,0.0,1.221,24.778,1587.026,1587.456,40.96
int4_sym_g128_t2_pinned_mode_a_medium,int4_sym_g128,INT4,308.51,2,2,True,True,mode_a,medium,5,108,65,0.0,0.0,1.595,25.892,1658.666,1659.213,39.19
int4_sym_g128_t4_default_mode_a_medium,int4_sym_g128,INT4,308.51,4,4,False,False,mode_a,medium,1,108,65,0.0,0.0,1.249,23.743,1520.808,1521.255,42.74
int4_sym_g128_t4_default_mode_a_medium,int4_sym_g128,INT4,308.51,4,4,False,False,mode_a,medium,2,108,65,0.0,0.0,1.592,23.694,1518.04,1518.569,42.82
int4_sym_g128_t4_default_mode_a_medium,int4_sym_g128,INT4,308.51,4,4,False,False,mode_a,medium,3,108,65,0.0,0.0,1.253,23.627,1513.388,1513.834,42.95
int4_sym_g128_t4_default_mode_a_medium,int4_sym_g128,INT4,308.51,4,4,False,False,mode_a,medium,4,108,65,0.0,0.0,1.597,24.252,1553.708,1554.284,41.84
int4_sym_g128_t4_default_mode_a_medium,int4_sym_g128,INT4,308.51,4,4,False,False,mode_a,medium,5,108,65,0.0,0.0,1.384,23.908,1531.519,1531.989,42.44
int4_sym_g128_t4_pinned_mode_a_medium,int4_sym_g128,INT4,308.51,4,4,True,True,mode_a,medium,1,108,65,0.0,0.0,1.227,23.18,1484.741,1485.265,43.78
int4_sym_g128_t4_pinned_mode_a_medium,int4_sym_g128,INT4,308.51,4,4,True,True,mode_a,medium,2,108,65,0.0,0.0,1.963,23.469,1503.986,1504.538,43.22
int4_sym_g128_t4_pinned_mode_a_medium,int4_sym_g128,INT4,308.51,4,4,True,True,mode_a,medium,3,108,65,0.0,0.0,1.434,24.215,1551.186,1551.665,41.9
int4_sym_g128_t4_pinned_mode_a_medium,int4_sym_g128,INT4,308.51,4,4,True,True,mode_a,medium,4,108,65,0.0,0.0,1.308,23.151,1482.993,1483.442,43.83
int4_sym_g128_t4_pinned_mode_a_medium,int4_sym_g128,INT4,308.51,4,4,True,True,mode_a,medium,5,108,65,0.0,0.0,1.301,23.331,1494.513,1494.958,43.49
int4_sym_g128_t8_default_mode_a_medium,int4_sym_g128,INT4,308.51,8,8,False,False,mode_a,medium,1,108,65,0.0,0.0,1.734,23.362,1496.888,1497.443,43.42
int4_sym_g128_t8_default_mode_a_medium,int4_sym_g128,INT4,308.51,8,8,False,False,mode_a,medium,2,108,65,0.0,0.0,1.602,22.99,1472.981,1473.552,44.13
int4_sym_g128_t8_default_mode_a_medium,int4_sym_g128,INT4,308.51,8,8,False,False,mode_a,medium,3,108,65,0.0,0.0,1.536,22.58,1446.639,1447.072,44.93
int4_sym_g128_t8_default_mode_a_medium,int4_sym_g128,INT4,308.51,8,8,False,False,mode_a,medium,4,108,65,0.0,0.0,1.585,22.163,1419.985,1420.511,45.78
int4_sym_g128_t8_default_mode_a_medium,int4_sym_g128,INT4,308.51,8,8,False,False,mode_a,medium,5,108,65,0.0,0.0,1.763,24.062,1541.735,1542.208,42.16
int4_sym_g128_t8_pinned_mode_a_medium,int4_sym_g128,INT4,308.51,8,8,True,True,mode_a,medium,1,108,65,0.0,0.0,1.582,22.566,1445.81,1446.338,44.96
int4_sym_g128_t8_pinned_mode_a_medium,int4_sym_g128,INT4,308.51,8,8,True,True,mode_a,medium,2,108,65,0.0,0.0,1.265,22.508,1441.774,1442.225,45.08
int4_sym_g128_t8_pinned_mode_a_medium,int4_sym_g128,INT4,308.51,8,8,True,True,mode_a,medium,3,108,65,0.0,0.0,1.411,22.49,1440.757,1441.234,45.12
int4_sym_g128_t8_pinned_mode_a_medium,int4_sym_g128,INT4,308.51,8,8,True,True,mode_a,medium,4,108,65,0.0,0.0,1.24,22.73,1455.96,1456.441,44.64
int4_sym_g128_t8_pinned_mode_a_medium,int4_sym_g128,INT4,308.51,8,8,True,True,mode_a,medium,5,108,65,0.0,0.0,1.596,22.52,1442.878,1443.559,45.05
int4_sym_g128_t16_default_mode_a_medium,int4_sym_g128,INT4,308.51,16,8,False,False,mode_a,medium,1,108,65,0.0,0.0,1.778,23.053,1477.192,1477.809,44.0
int4_sym_g128_t16_default_mode_a_medium,int4_sym_g128,INT4,308.51,16,8,False,False,mode_a,medium,2,108,65,0.0,0.0,1.233,25.71,1646.658,1647.103,39.47
int4_sym_g128_t16_default_mode_a_medium,int4_sym_g128,INT4,308.51,16,8,False,False,mode_a,medium,3,108,65,0.0,0.0,1.342,26.274,1682.903,1683.367,38.62
int4_sym_g128_t16_default_mode_a_medium,int4_sym_g128,INT4,308.51,16,8,False,False,mode_a,medium,4,108,65,0.0,0.0,1.87,26.133,1674.404,1674.952,38.82
int4_sym_g128_t16_default_mode_a_medium,int4_sym_g128,INT4,308.51,16,8,False,False,mode_a,medium,5,108,65,0.0,0.0,1.619,25.591,1639.413,1639.962,39.65
int4_sym_g128_t16_pinned_mode_a_medium,int4_sym_g128,INT4,308.51,16,8,True,True,mode_a,medium,1,108,65,0.0,0.0,1.662,24.014,1538.56,1539.173,42.25
int4_sym_g128_t16_pinned_mode_a_medium,int4_sym_g128,INT4,308.51,16,8,True,True,mode_a,medium,2,108,65,0.0,0.0,1.228,25.224,1615.55,1615.997,40.23
int4_sym_g128_t16_pinned_mode_a_medium,int4_sym_g128,INT4,308.51,16,8,True,True,mode_a,medium,3,108,65,0.0,0.0,1.641,23.632,1514.113,1514.702,42.93
int4_sym_g128_t16_pinned_mode_a_medium,int4_sym_g128,INT4,308.51,16,8,True,True,mode_a,medium,4,108,65,0.0,0.0,1.253,24.591,1575.072,1575.535,41.27
int4_sym_g128_t16_pinned_mode_a_medium,int4_sym_g128,INT4,308.51,16,8,True,True,mode_a,medium,5,108,65,0.0,0.0,1.36,23.902,1531.11,1531.566,42.45
int4_asym_g128_t1_default_mode_a_medium,int4_asym_g128,INT4,309.84,1,1,False,False,mode_a,medium,1,108,65,0.0,0.0,1.619,43.407,2779.645,2780.085,23.38
int4_asym_g128_t1_default_mode_a_medium,int4_asym_g128,INT4,309.84,1,1,False,False,mode_a,medium,2,108,65,0.0,0.0,2.375,41.58,2663.476,2664.132,24.4
int4_asym_g128_t1_default_mode_a_medium,int4_asym_g128,INT4,309.84,1,1,False,False,mode_a,medium,3,108,65,0.0,0.0,1.208,39.583,2534.545,2534.98,25.65
int4_asym_g128_t1_default_mode_a_medium,int4_asym_g128,INT4,309.84,1,1,False,False,mode_a,medium,4,108,65,0.0,0.0,1.291,40.1,2567.673,2568.102,25.31
int4_asym_g128_t1_default_mode_a_medium,int4_asym_g128,INT4,309.84,1,1,False,False,mode_a,medium,5,108,65,0.0,0.0,1.625,42.948,2750.318,2751.043,23.63
int4_asym_g128_t1_pinned_mode_a_medium,int4_asym_g128,INT4,309.84,1,1,True,True,mode_a,medium,1,108,65,0.0,0.0,2.113,38.97,2496.206,2497.076,26.04
int4_asym_g128_t1_pinned_mode_a_medium,int4_asym_g128,INT4,309.84,1,1,True,True,mode_a,medium,2,108,65,0.0,0.0,1.213,38.647,2474.64,2475.074,26.27
int4_asym_g128_t1_pinned_mode_a_medium,int4_asym_g128,INT4,309.84,1,1,True,True,mode_a,medium,3,108,65,0.0,0.0,1.646,38.955,2494.751,2495.321,26.05
int4_asym_g128_t1_pinned_mode_a_medium,int4_asym_g128,INT4,309.84,1,1,True,True,mode_a,medium,4,108,65,0.0,0.0,1.317,42.045,2692.184,2692.634,24.14
int4_asym_g128_t1_pinned_mode_a_medium,int4_asym_g128,INT4,309.84,1,1,True,True,mode_a,medium,5,108,65,0.0,0.0,1.298,39.212,2510.843,2511.279,25.89
int4_asym_g128_t2_default_mode_a_medium,int4_asym_g128,INT4,309.84,2,2,False,False,mode_a,medium,1,108,65,0.0,0.0,1.276,26.688,1709.288,1709.76,38.03
int4_asym_g128_t2_default_mode_a_medium,int4_asym_g128,INT4,309.84,2,2,False,False,mode_a,medium,2,108,65,0.0,0.0,1.592,26.785,1715.839,1716.407,37.88
int4_asym_g128_t2_default_mode_a_medium,int4_asym_g128,INT4,309.84,2,2,False,False,mode_a,medium,3,108,65,0.0,0.0,1.211,26.433,1692.901,1693.334,38.4
int4_asym_g128_t2_default_mode_a_medium,int4_asym_g128,INT4,309.84,2,2,False,False,mode_a,medium,4,108,65,0.0,0.0,1.214,26.961,1726.741,1727.184,37.64
int4_asym_g128_t2_default_mode_a_medium,int4_asym_g128,INT4,309.84,2,2,False,False,mode_a,medium,5,108,65,0.0,0.0,1.782,27.241,1745.2,1745.843,37.25
int4_asym_g128_t2_pinned_mode_a_medium,int4_asym_g128,INT4,309.84,2,2,True,True,mode_a,medium,1,108,65,0.0,0.0,1.604,25.162,1611.972,1612.519,40.32
int4_asym_g128_t2_pinned_mode_a_medium,int4_asym_g128,INT4,309.84,2,2,True,True,mode_a,medium,2,108,65,0.0,0.0,1.577,26.066,1669.807,1670.353,38.93
int4_asym_g128_t2_pinned_mode_a_medium,int4_asym_g128,INT4,309.84,2,2,True,True,mode_a,medium,3,108,65,0.0,0.0,1.176,24.287,1555.575,1555.996,41.79
int4_asym_g128_t2_pinned_mode_a_medium,int4_asym_g128,INT4,309.84,2,2,True,True,mode_a,medium,4,108,65,0.0,0.0,1.252,23.398,1498.695,1499.137,43.37
int4_asym_g128_t2_pinned_mode_a_medium,int4_asym_g128,INT4,309.84,2,2,True,True,mode_a,medium,5,108,65,0.0,0.0,1.184,25.697,1645.769,1646.191,39.5
int4_asym_g128_t4_default_mode_a_medium,int4_asym_g128,INT4,309.84,4,4,False,False,mode_a,medium,1,108,65,0.0,0.0,1.918,22.895,1467.197,1467.704,44.3
int4_asym_g128_t4_default_mode_a_medium,int4_asym_g128,INT4,309.84,4,4,False,False,mode_a,medium,2,108,65,0.0,0.0,1.281,22.634,1449.859,1450.346,44.83
int4_asym_g128_t4_default_mode_a_medium,int4_asym_g128,INT4,309.84,4,4,False,False,mode_a,medium,3,108,65,0.0,0.0,1.222,22.623,1449.08,1449.52,44.86
int4_asym_g128_t4_default_mode_a_medium,int4_asym_g128,INT4,309.84,4,4,False,False,mode_a,medium,4,108,65,0.0,0.0,1.56,23.035,1475.823,1476.386,44.04
int4_asym_g128_t4_default_mode_a_medium,int4_asym_g128,INT4,309.84,4,4,False,False,mode_a,medium,5,108,65,0.0,0.0,1.401,22.539,1443.89,1444.441,45.02
int4_asym_g128_t4_pinned_mode_a_medium,int4_asym_g128,INT4,309.84,4,4,True,True,mode_a,medium,1,108,65,0.0,0.0,1.187,22.405,1435.138,1435.564,45.29
int4_asym_g128_t4_pinned_mode_a_medium,int4_asym_g128,INT4,309.84,4,4,True,True,mode_a,medium,2,108,65,0.0,0.0,1.53,22.566,1445.738,1446.274,44.96
int4_asym_g128_t4_pinned_mode_a_medium,int4_asym_g128,INT4,309.84,4,4,True,True,mode_a,medium,3,108,65,0.0,0.0,1.214,22.589,1446.91,1447.346,44.92
int4_asym_g128_t4_pinned_mode_a_medium,int4_asym_g128,INT4,309.84,4,4,True,True,mode_a,medium,4,108,65,0.0,0.0,1.242,21.923,1404.321,1404.756,46.29
int4_asym_g128_t4_pinned_mode_a_medium,int4_asym_g128,INT4,309.84,4,4,True,True,mode_a,medium,5,108,65,0.0,0.0,1.544,25.257,1617.962,1618.502,40.17
int4_asym_g128_t8_default_mode_a_medium,int4_asym_g128,INT4,309.84,8,8,False,False,mode_a,medium,1,108,65,0.0,0.0,1.69,25.178,1613.09,1613.663,40.3
int4_asym_g128_t8_default_mode_a_medium,int4_asym_g128,INT4,309.84,8,8,False,False,mode_a,medium,2,108,65,0.0,0.0,1.25,25.391,1626.286,1626.741,39.97
int4_asym_g128_t8_default_mode_a_medium,int4_asym_g128,INT4,309.84,8,8,False,False,mode_a,medium,3,108,65,0.0,0.0,1.239,26.909,1723.444,1723.9,37.72
int4_asym_g128_t8_default_mode_a_medium,int4_asym_g128,INT4,309.84,8,8,False,False,mode_a,medium,4,108,65,0.0,0.0,1.354,25.499,1633.267,1633.722,39.8
int4_asym_g128_t8_default_mode_a_medium,int4_asym_g128,INT4,309.84,8,8,False,False,mode_a,medium,5,108,65,0.0,0.0,1.282,25.357,1624.144,1624.633,40.02
int4_asym_g128_t8_pinned_mode_a_medium,int4_asym_g128,INT4,309.84,8,8,True,True,mode_a,medium,1,108,65,0.0,0.0,1.629,25.517,1634.709,1635.249,39.76
int4_asym_g128_t8_pinned_mode_a_medium,int4_asym_g128,INT4,309.84,8,8,True,True,mode_a,medium,2,108,65,0.0,0.0,1.251,24.217,1551.135,1551.595,41.9
int4_asym_g128_t8_pinned_mode_a_medium,int4_asym_g128,INT4,309.84,8,8,True,True,mode_a,medium,3,108,65,0.0,0.0,1.69,24.136,1546.376,1546.939,42.03
int4_asym_g128_t8_pinned_mode_a_medium,int4_asym_g128,INT4,309.84,8,8,True,True,mode_a,medium,4,108,65,0.0,0.0,1.281,25.14,1610.254,1610.721,40.37
int4_asym_g128_t8_pinned_mode_a_medium,int4_asym_g128,INT4,309.84,8,8,True,True,mode_a,medium,5,108,65,0.0,0.0,1.653,24.673,1580.75,1581.352,41.12
int4_asym_g128_t16_default_mode_a_medium,int4_asym_g128,INT4,309.84,16,8,False,False,mode_a,medium,1,108,65,0.0,0.0,1.497,25.156,1611.467,1612.074,40.34
int4_asym_g128_t16_default_mode_a_medium,int4_asym_g128,INT4,309.84,16,8,False,False,mode_a,medium,2,108,65,0.0,0.0,1.238,25.595,1639.33,1639.793,39.65
int4_asym_g128_t16_default_mode_a_medium,int4_asym_g128,INT4,309.84,16,8,False,False,mode_a,medium,3,108,65,0.0,0.0,1.383,25.277,1619.121,1619.568,40.15
int4_asym_g128_t16_default_mode_a_medium,int4_asym_g128,INT4,309.84,16,8,False,False,mode_a,medium,4,108,65,0.0,0.0,1.354,25.541,1635.986,1636.454,39.73
int4_asym_g128_t16_default_mode_a_medium,int4_asym_g128,INT4,309.84,16,8,False,False,mode_a,medium,5,108,65,0.0,0.0,1.653,27.122,1737.442,1738.025,37.41
int4_asym_g128_t16_pinned_mode_a_medium,int4_asym_g128,INT4,309.84,16,8,True,True,mode_a,medium,1,108,65,0.0,0.0,1.64,24.085,1543.108,1543.665,42.12
int4_asym_g128_t16_pinned_mode_a_medium,int4_asym_g128,INT4,309.84,16,8,True,True,mode_a,medium,2,108,65,0.0,0.0,1.254,24.257,1553.727,1554.195,41.83
int4_asym_g128_t16_pinned_mode_a_medium,int4_asym_g128,INT4,309.84,16,8,True,True,mode_a,medium,3,108,65,0.0,0.0,1.26,24.742,1584.748,1585.24,41.02
int4_asym_g128_t16_pinned_mode_a_medium,int4_asym_g128,INT4,309.84,16,8,True,True,mode_a,medium,4,108,65,0.0,0.0,1.248,24.29,1555.787,1556.255,41.78
int4_asym_g128_t16_pinned_mode_a_medium,int4_asym_g128,INT4,309.84,16,8,True,True,mode_a,medium,5,108,65,0.0,0.0,1.567,24.303,1556.956,1557.43,41.75
int4_sym_g128_awq_t1_default_mode_a_medium,int4_sym_g128_awq,INT4_AWQ,308.51,1,1,False,False,mode_a,medium,1,108,65,0.0,0.0,1.449,40.456,2590.62,2591.349,25.09
int4_sym_g128_awq_t1_default_mode_a_medium,int4_sym_g128_awq,INT4_AWQ,308.51,1,1,False,False,mode_a,medium,2,108,65,0.0,0.0,1.286,41.615,2664.657,2665.15,24.39
int4_sym_g128_awq_t1_default_mode_a_medium,int4_sym_g128_awq,INT4_AWQ,308.51,1,1,False,False,mode_a,medium,3,108,65,0.0,0.0,1.784,41.941,2685.987,2686.961,24.2
int4_sym_g128_awq_t1_default_mode_a_medium,int4_sym_g128_awq,INT4_AWQ,308.51,1,1,False,False,mode_a,medium,4,108,65,0.0,0.0,1.195,41.486,2656.323,2656.766,24.47
int4_sym_g128_awq_t1_default_mode_a_medium,int4_sym_g128_awq,INT4_AWQ,308.51,1,1,False,False,mode_a,medium,5,108,65,0.0,0.0,2.058,40.086,2567.561,2568.603,25.32
int4_sym_g128_awq_t1_pinned_mode_a_medium,int4_sym_g128_awq,INT4_AWQ,308.51,1,1,True,True,mode_a,medium,1,108,65,0.0,0.0,1.422,33.145,2122.723,2123.294,30.62
int4_sym_g128_awq_t1_pinned_mode_a_medium,int4_sym_g128_awq,INT4_AWQ,308.51,1,1,True,True,mode_a,medium,2,108,65,0.0,0.0,2.25,29.141,1867.284,1867.709,34.81
int4_sym_g128_awq_t1_pinned_mode_a_medium,int4_sym_g128_awq,INT4_AWQ,308.51,1,1,True,True,mode_a,medium,3,108,65,0.0,0.0,1.715,28.818,1846.078,1847.069,35.21
int4_sym_g128_awq_t1_pinned_mode_a_medium,int4_sym_g128_awq,INT4_AWQ,308.51,1,1,True,True,mode_a,medium,4,108,65,0.0,0.0,1.197,27.704,1774.266,1774.686,36.63
int4_sym_g128_awq_t1_pinned_mode_a_medium,int4_sym_g128_awq,INT4_AWQ,308.51,1,1,True,True,mode_a,medium,5,108,65,0.0,0.0,1.177,28.048,1796.249,1796.67,36.19
int4_sym_g128_awq_t2_default_mode_a_medium,int4_sym_g128_awq,INT4_AWQ,308.51,2,2,False,False,mode_a,medium,1,108,65,0.0,0.0,1.261,24.209,1550.634,1551.243,41.92
int4_sym_g128_awq_t2_default_mode_a_medium,int4_sym_g128_awq,INT4_AWQ,308.51,2,2,False,False,mode_a,medium,2,108,65,0.0,0.0,1.183,26.707,1710.432,1710.865,38.0
int4_sym_g128_awq_t2_default_mode_a_medium,int4_sym_g128_awq,INT4_AWQ,308.51,2,2,False,False,mode_a,medium,3,108,65,0.0,0.0,1.479,26.972,1727.667,1728.286,37.62
int4_sym_g128_awq_t2_default_mode_a_medium,int4_sym_g128_awq,INT4_AWQ,308.51,2,2,False,False,mode_a,medium,4,108,65,0.0,0.0,1.64,27.033,1731.723,1732.321,37.53
int4_sym_g128_awq_t2_default_mode_a_medium,int4_sym_g128_awq,INT4_AWQ,308.51,2,2,False,False,mode_a,medium,5,108,65,0.0,0.0,1.593,27.541,1764.211,1764.762,36.84
int4_sym_g128_awq_t2_pinned_mode_a_medium,int4_sym_g128_awq,INT4_AWQ,308.51,2,2,True,True,mode_a,medium,1,108,65,0.0,0.0,1.237,26.295,1684.113,1684.532,38.6
int4_sym_g128_awq_t2_pinned_mode_a_medium,int4_sym_g128_awq,INT4_AWQ,308.51,2,2,True,True,mode_a,medium,2,108,65,0.0,0.0,1.231,25.766,1650.282,1650.729,39.39
int4_sym_g128_awq_t2_pinned_mode_a_medium,int4_sym_g128_awq,INT4_AWQ,308.51,2,2,True,True,mode_a,medium,3,108,65,0.0,0.0,1.243,25.316,1621.497,1621.997,40.09
int4_sym_g128_awq_t2_pinned_mode_a_medium,int4_sym_g128_awq,INT4_AWQ,308.51,2,2,True,True,mode_a,medium,4,108,65,0.0,0.0,2.168,25.493,1633.751,1634.2,39.79
int4_sym_g128_awq_t2_pinned_mode_a_medium,int4_sym_g128_awq,INT4_AWQ,308.51,2,2,True,True,mode_a,medium,5,108,65,0.0,0.0,1.433,25.848,1655.707,1656.234,39.26
int4_sym_g128_awq_t4_default_mode_a_medium,int4_sym_g128_awq,INT4_AWQ,308.51,4,4,False,False,mode_a,medium,1,108,65,0.0,0.0,1.308,23.678,1516.676,1517.289,42.86
int4_sym_g128_awq_t4_default_mode_a_medium,int4_sym_g128_awq,INT4_AWQ,308.51,4,4,False,False,mode_a,medium,2,108,65,0.0,0.0,1.737,23.903,1531.56,1532.012,42.44
int4_sym_g128_awq_t4_default_mode_a_medium,int4_sym_g128_awq,INT4_AWQ,308.51,4,4,False,False,mode_a,medium,3,108,65,0.0,0.0,1.218,24.495,1568.881,1569.324,41.43
int4_sym_g128_awq_t4_default_mode_a_medium,int4_sym_g128_awq,INT4_AWQ,308.51,4,4,False,False,mode_a,medium,4,108,65,0.0,0.0,1.61,24.202,1550.528,1551.066,41.92
int4_sym_g128_awq_t4_default_mode_a_medium,int4_sym_g128_awq,INT4_AWQ,308.51,4,4,False,False,mode_a,medium,5,108,65,0.0,0.0,1.419,24.018,1538.601,1539.037,42.25
int4_sym_g128_awq_t4_pinned_mode_a_medium,int4_sym_g128_awq,INT4_AWQ,308.51,4,4,True,True,mode_a,medium,1,108,65,0.0,0.0,1.242,23.961,1534.763,1535.216,42.35
int4_sym_g128_awq_t4_pinned_mode_a_medium,int4_sym_g128_awq,INT4_AWQ,308.51,4,4,True,True,mode_a,medium,2,108,65,0.0,0.0,1.723,23.476,1504.19,1504.783,43.21
int4_sym_g128_awq_t4_pinned_mode_a_medium,int4_sym_g128_awq,INT4_AWQ,308.51,4,4,True,True,mode_a,medium,3,108,65,0.0,0.0,1.583,23.456,1502.773,1503.366,43.25
int4_sym_g128_awq_t4_pinned_mode_a_medium,int4_sym_g128_awq,INT4_AWQ,308.51,4,4,True,True,mode_a,medium,4,108,65,0.0,0.0,1.218,23.749,1521.131,1521.56,42.73
int4_sym_g128_awq_t4_pinned_mode_a_medium,int4_sym_g128_awq,INT4_AWQ,308.51,4,4,True,True,mode_a,medium,5,108,65,0.0,0.0,1.26,23.217,1487.123,1487.638,43.71
int4_sym_g128_awq_t8_default_mode_a_medium,int4_sym_g128_awq,INT4_AWQ,308.51,8,8,False,False,mode_a,medium,1,108,65,0.0,0.0,1.31,25.189,1613.413,1614.031,40.29
int4_sym_g128_awq_t8_default_mode_a_medium,int4_sym_g128_awq,INT4_AWQ,308.51,8,8,False,False,mode_a,medium,2,108,65,0.0,0.0,1.424,25.168,1612.208,1612.672,40.32
int4_sym_g128_awq_t8_default_mode_a_medium,int4_sym_g128_awq,INT4_AWQ,308.51,8,8,False,False,mode_a,medium,3,108,65,0.0,0.0,1.312,25.302,1620.641,1621.098,40.11
int4_sym_g128_awq_t8_default_mode_a_medium,int4_sym_g128_awq,INT4_AWQ,308.51,8,8,False,False,mode_a,medium,4,108,65,0.0,0.0,1.289,24.858,1592.228,1592.715,40.82
int4_sym_g128_awq_t8_default_mode_a_medium,int4_sym_g128_awq,INT4_AWQ,308.51,8,8,False,False,mode_a,medium,5,108,65,0.0,0.0,1.99,26.143,1675.156,1675.714,38.8
int4_sym_g128_awq_t8_pinned_mode_a_medium,int4_sym_g128_awq,INT4_AWQ,308.51,8,8,True,True,mode_a,medium,1,108,65,0.0,0.0,1.306,24.035,1539.521,1540.087,42.22
int4_sym_g128_awq_t8_pinned_mode_a_medium,int4_sym_g128_awq,INT4_AWQ,308.51,8,8,True,True,mode_a,medium,2,108,65,0.0,0.0,1.255,24.707,1582.474,1582.948,41.07
int4_sym_g128_awq_t8_pinned_mode_a_medium,int4_sym_g128_awq,INT4_AWQ,308.51,8,8,True,True,mode_a,medium,3,108,65,0.0,0.0,1.43,24.852,1591.989,1592.515,40.83
int4_sym_g128_awq_t8_pinned_mode_a_medium,int4_sym_g128_awq,INT4_AWQ,308.51,8,8,True,True,mode_a,medium,4,108,65,0.0,0.0,1.282,24.137,1546.044,1546.575,42.04
int4_sym_g128_awq_t8_pinned_mode_a_medium,int4_sym_g128_awq,INT4_AWQ,308.51,8,8,True,True,mode_a,medium,5,108,65,0.0,0.0,1.42,23.899,1530.95,1531.412,42.46
int4_sym_g128_awq_t16_default_mode_a_medium,int4_sym_g128_awq,INT4_AWQ,308.51,16,8,False,False,mode_a,medium,1,108,65,0.0,0.0,1.55,22.588,1447.164,1447.676,44.92
int4_sym_g128_awq_t16_default_mode_a_medium,int4_sym_g128_awq,INT4_AWQ,308.51,16,8,False,False,mode_a,medium,2,108,65,0.0,0.0,1.264,22.42,1436.124,1436.616,45.26
int4_sym_g128_awq_t16_default_mode_a_medium,int4_sym_g128_awq,INT4_AWQ,308.51,16,8,False,False,mode_a,medium,3,108,65,0.0,0.0,1.183,24.935,1597.009,1597.435,40.7
int4_sym_g128_awq_t16_default_mode_a_medium,int4_sym_g128_awq,INT4_AWQ,308.51,16,8,False,False,mode_a,medium,4,108,65,0.0,0.0,1.203,23.34,1494.961,1495.394,43.48
int4_sym_g128_awq_t16_default_mode_a_medium,int4_sym_g128_awq,INT4_AWQ,308.51,16,8,False,False,mode_a,medium,5,108,65,0.0,0.0,1.197,22.071,1413.724,1414.168,45.98
int4_sym_g128_awq_t16_pinned_mode_a_medium,int4_sym_g128_awq,INT4_AWQ,308.51,16,8,True,True,mode_a,medium,1,108,65,0.0,0.0,1.725,23.588,1511.334,1511.971,43.01
int4_sym_g128_awq_t16_pinned_mode_a_medium,int4_sym_g128_awq,INT4_AWQ,308.51,16,8,True,True,mode_a,medium,2,108,65,0.0,0.0,1.267,26.132,1673.739,1674.194,38.84
int4_sym_g128_awq_t16_pinned_mode_a_medium,int4_sym_g128_awq,INT4_AWQ,308.51,16,8,True,True,mode_a,medium,3,108,65,0.0,0.0,1.255,23.668,1515.999,1516.458,42.88
int4_sym_g128_awq_t16_pinned_mode_a_medium,int4_sym_g128_awq,INT4_AWQ,308.51,16,8,True,True,mode_a,medium,4,108,65,0.0,0.0,1.356,24.54,1571.929,1572.385,41.35
int4_sym_g128_awq_t16_pinned_mode_a_medium,int4_sym_g128_awq,INT4_AWQ,308.51,16,8,True,True,mode_a,medium,5,108,65,0.0,0.0,1.38,24.345,1559.486,1560.004,41.68
int4_sym_g128_scale_est_t1_default_mode_a_medium,int4_sym_g128_scale_est,INT4_SCALE_EST,308.51,1,1,False,False,mode_a,medium,1,108,65,0.0,0.0,2.015,38.069,2438.424,2439.193,26.66
int4_sym_g128_scale_est_t1_default_mode_a_medium,int4_sym_g128_scale_est,INT4_SCALE_EST,308.51,1,1,False,False,mode_a,medium,2,108,65,0.0,0.0,2.274,39.446,2526.804,2527.259,25.72
int4_sym_g128_scale_est_t1_default_mode_a_medium,int4_sym_g128_scale_est,INT4_SCALE_EST,308.51,1,1,False,False,mode_a,medium,3,108,65,0.0,0.0,1.625,40.066,2565.876,2566.465,25.33
int4_sym_g128_scale_est_t1_default_mode_a_medium,int4_sym_g128_scale_est,INT4_SCALE_EST,308.51,1,1,False,False,mode_a,medium,4,108,65,0.0,0.0,1.533,38.14,2442.517,2443.389,26.61
int4_sym_g128_scale_est_t1_default_mode_a_medium,int4_sym_g128_scale_est,INT4_SCALE_EST,308.51,1,1,False,False,mode_a,medium,5,108,65,0.0,0.0,1.434,38.688,2477.461,2478.06,26.24
int4_sym_g128_scale_est_t1_pinned_mode_a_medium,int4_sym_g128_scale_est,INT4_SCALE_EST,308.51,1,1,True,True,mode_a,medium,1,108,65,0.0,0.0,1.918,37.719,2415.95,2416.538,26.9
int4_sym_g128_scale_est_t1_pinned_mode_a_medium,int4_sym_g128_scale_est,INT4_SCALE_EST,308.51,1,1,True,True,mode_a,medium,2,108,65,0.0,0.0,1.584,39.514,2530.498,2530.935,25.69
int4_sym_g128_scale_est_t1_pinned_mode_a_medium,int4_sym_g128_scale_est,INT4_SCALE_EST,308.51,1,1,True,True,mode_a,medium,3,108,65,0.0,0.0,1.395,39.453,2526.385,2526.954,25.73
int4_sym_g128_scale_est_t1_pinned_mode_a_medium,int4_sym_g128_scale_est,INT4_SCALE_EST,308.51,1,1,True,True,mode_a,medium,4,108,65,0.0,0.0,1.714,39.286,2516.038,2516.493,25.83
int4_sym_g128_scale_est_t1_pinned_mode_a_medium,int4_sym_g128_scale_est,INT4_SCALE_EST,308.51,1,1,True,True,mode_a,medium,5,108,65,0.0,0.0,1.255,40.277,2578.965,2579.396,25.2
int4_sym_g128_scale_est_t2_default_mode_a_medium,int4_sym_g128_scale_est,INT4_SCALE_EST,308.51,2,2,False,False,mode_a,medium,1,108,65,0.0,0.0,1.582,24.863,1592.842,1593.265,40.81
int4_sym_g128_scale_est_t2_default_mode_a_medium,int4_sym_g128_scale_est,INT4_SCALE_EST,308.51,2,2,False,False,mode_a,medium,2,108,65,0.0,0.0,1.736,24.779,1587.611,1588.036,40.94
int4_sym_g128_scale_est_t2_default_mode_a_medium,int4_sym_g128_scale_est,INT4_SCALE_EST,308.51,2,2,False,False,mode_a,medium,3,108,65,0.0,0.0,1.587,24.903,1595.364,1595.963,40.74
int4_sym_g128_scale_est_t2_default_mode_a_medium,int4_sym_g128_scale_est,INT4_SCALE_EST,308.51,2,2,False,False,mode_a,medium,4,108,65,0.0,0.0,1.201,24.943,1597.566,1598.003,40.69
int4_sym_g128_scale_est_t2_default_mode_a_medium,int4_sym_g128_scale_est,INT4_SCALE_EST,308.51,2,2,False,False,mode_a,medium,5,108,65,0.0,0.0,1.851,25.504,1634.092,1634.563,39.78
int4_sym_g128_scale_est_t2_pinned_mode_a_medium,int4_sym_g128_scale_est,INT4_SCALE_EST,308.51,2,2,True,True,mode_a,medium,1,108,65,0.0,0.0,1.732,24.001,1537.808,1538.431,42.27
int4_sym_g128_scale_est_t2_pinned_mode_a_medium,int4_sym_g128_scale_est,INT4_SCALE_EST,308.51,2,2,True,True,mode_a,medium,2,108,65,0.0,0.0,1.577,24.983,1600.462,1600.999,40.61
int4_sym_g128_scale_est_t2_pinned_mode_a_medium,int4_sym_g128_scale_est,INT4_SCALE_EST,308.51,2,2,True,True,mode_a,medium,3,108,65,0.0,0.0,1.342,25.114,1608.613,1609.043,40.41
int4_sym_g128_scale_est_t2_pinned_mode_a_medium,int4_sym_g128_scale_est,INT4_SCALE_EST,308.51,2,2,True,True,mode_a,medium,4,108,65,0.0,0.0,1.532,24.221,1551.683,1552.207,41.89
int4_sym_g128_scale_est_t2_pinned_mode_a_medium,int4_sym_g128_scale_est,INT4_SCALE_EST,308.51,2,2,True,True,mode_a,medium,5,108,65,0.0,0.0,1.198,24.879,1593.481,1593.908,40.79
int4_sym_g128_scale_est_t4_default_mode_a_medium,int4_sym_g128_scale_est,INT4_SCALE_EST,308.51,4,4,False,False,mode_a,medium,1,108,65,0.0,0.0,2.047,25.873,1657.943,1658.557,39.21
int4_sym_g128_scale_est_t4_default_mode_a_medium,int4_sym_g128_scale_est,INT4_SCALE_EST,308.51,4,4,False,False,mode_a,medium,2,108,65,0.0,0.0,1.606,23.766,1522.602,1523.187,42.69
int4_sym_g128_scale_est_t4_default_mode_a_medium,int4_sym_g128_scale_est,INT4_SCALE_EST,308.51,4,4,False,False,mode_a,medium,3,108,65,0.0,0.0,1.591,24.35,1560.019,1560.574,41.67
int4_sym_g128_scale_est_t4_default_mode_a_medium,int4_sym_g128_scale_est,INT4_SCALE_EST,308.51,4,4,False,False,mode_a,medium,4,108,65,0.0,0.0,1.618,24.387,1562.383,1562.981,41.6
int4_sym_g128_scale_est_t4_default_mode_a_medium,int4_sym_g128_scale_est,INT4_SCALE_EST,308.51,4,4,False,False,mode_a,medium,5,108,65,0.0,0.0,1.231,23.821,1525.805,1526.272,42.6
int4_sym_g128_scale_est_t4_pinned_mode_a_medium,int4_sym_g128_scale_est,INT4_SCALE_EST,308.51,4,4,True,True,mode_a,medium,1,108,65,0.0,0.0,1.668,23.813,1525.715,1526.224,42.6
int4_sym_g128_scale_est_t4_pinned_mode_a_medium,int4_sym_g128_scale_est,INT4_SCALE_EST,308.51,4,4,True,True,mode_a,medium,2,108,65,0.0,0.0,1.227,23.398,1498.703,1499.159,43.37
int4_sym_g128_scale_est_t4_pinned_mode_a_medium,int4_sym_g128_scale_est,INT4_SCALE_EST,308.51,4,4,True,True,mode_a,medium,3,108,65,0.0,0.0,1.603,23.327,1494.515,1495.103,43.49
int4_sym_g128_scale_est_t4_pinned_mode_a_medium,int4_sym_g128_scale_est,INT4_SCALE_EST,308.51,4,4,True,True,mode_a,medium,4,108,65,0.0,0.0,1.244,23.264,1490.144,1490.613,43.62
int4_sym_g128_scale_est_t4_pinned_mode_a_medium,int4_sym_g128_scale_est,INT4_SCALE_EST,308.51,4,4,True,True,mode_a,medium,5,108,65,0.0,0.0,1.687,23.823,1526.38,1526.925,42.58
int4_sym_g128_scale_est_t8_default_mode_a_medium,int4_sym_g128_scale_est,INT4_SCALE_EST,308.51,8,8,False,False,mode_a,medium,1,108,65,0.0,0.0,1.222,25.265,1618.203,1618.657,40.17
int4_sym_g128_scale_est_t8_default_mode_a_medium,int4_sym_g128_scale_est,INT4_SCALE_EST,308.51,8,8,False,False,mode_a,medium,2,108,65,0.0,0.0,1.27,26.044,1668.102,1668.581,38.97
int4_sym_g128_scale_est_t8_default_mode_a_medium,int4_sym_g128_scale_est,INT4_SCALE_EST,308.51,8,8,False,False,mode_a,medium,3,108,65,0.0,0.0,2.053,25.074,1606.774,1607.337,40.45
int4_sym_g128_scale_est_t8_default_mode_a_medium,int4_sym_g128_scale_est,INT4_SCALE_EST,308.51,8,8,False,False,mode_a,medium,4,108,65,0.0,0.0,1.795,25.449,1630.558,1631.095,39.86
int4_sym_g128_scale_est_t8_default_mode_a_medium,int4_sym_g128_scale_est,INT4_SCALE_EST,308.51,8,8,False,False,mode_a,medium,5,108,65,0.0,0.0,1.262,27.063,1733.291,1733.773,37.5
int4_sym_g128_scale_est_t8_pinned_mode_a_medium,int4_sym_g128_scale_est,INT4_SCALE_EST,308.51,8,8,True,True,mode_a,medium,1,108,65,0.0,0.0,1.567,22.921,1468.513,1469.04,44.26
int4_sym_g128_scale_est_t8_pinned_mode_a_medium,int4_sym_g128_scale_est,INT4_SCALE_EST,308.51,8,8,True,True,mode_a,medium,2,108,65,0.0,0.0,1.341,22.569,1445.736,1446.271,44.96
int4_sym_g128_scale_est_t8_pinned_mode_a_medium,int4_sym_g128_scale_est,INT4_SCALE_EST,308.51,8,8,True,True,mode_a,medium,3,108,65,0.0,0.0,1.219,26.459,1694.595,1695.032,38.36
int4_sym_g128_scale_est_t8_pinned_mode_a_medium,int4_sym_g128_scale_est,INT4_SCALE_EST,308.51,8,8,True,True,mode_a,medium,4,108,65,0.0,0.0,1.419,23.788,1523.857,1524.34,42.65
int4_sym_g128_scale_est_t8_pinned_mode_a_medium,int4_sym_g128_scale_est,INT4_SCALE_EST,308.51,8,8,True,True,mode_a,medium,5,108,65,0.0,0.0,1.297,22.892,1466.375,1466.83,44.33
int4_sym_g128_scale_est_t16_default_mode_a_medium,int4_sym_g128_scale_est,INT4_SCALE_EST,308.51,16,8,False,False,mode_a,medium,1,108,65,0.0,0.0,1.244,27.616,1768.675,1769.128,36.75
int4_sym_g128_scale_est_t16_default_mode_a_medium,int4_sym_g128_scale_est,INT4_SCALE_EST,308.51,16,8,False,False,mode_a,medium,2,108,65,0.0,0.0,1.318,26.57,1701.825,1702.307,38.19
int4_sym_g128_scale_est_t16_default_mode_a_medium,int4_sym_g128_scale_est,INT4_SCALE_EST,308.51,16,8,False,False,mode_a,medium,3,108,65,0.0,0.0,1.642,25.301,1620.903,1621.524,40.1
int4_sym_g128_scale_est_t16_default_mode_a_medium,int4_sym_g128_scale_est,INT4_SCALE_EST,308.51,16,8,False,False,mode_a,medium,4,108,65,0.0,0.0,1.613,24.986,1600.729,1601.193,40.61
int4_sym_g128_scale_est_t16_default_mode_a_medium,int4_sym_g128_scale_est,INT4_SCALE_EST,308.51,16,8,False,False,mode_a,medium,5,108,65,0.0,0.0,1.263,26.376,1689.306,1689.794,38.48
int4_sym_g128_scale_est_t16_pinned_mode_a_medium,int4_sym_g128_scale_est,INT4_SCALE_EST,308.51,16,8,True,True,mode_a,medium,1,108,65,0.0,0.0,1.285,23.709,1518.669,1519.196,42.8
int4_sym_g128_scale_est_t16_pinned_mode_a_medium,int4_sym_g128_scale_est,INT4_SCALE_EST,308.51,16,8,True,True,mode_a,medium,2,108,65,0.0,0.0,1.42,24.681,1581.009,1581.447,41.11
int4_sym_g128_scale_est_t16_pinned_mode_a_medium,int4_sym_g128_scale_est,INT4_SCALE_EST,308.51,16,8,True,True,mode_a,medium,3,108,65,0.0,0.0,1.472,24.146,1546.841,1547.313,42.02
int4_sym_g128_scale_est_t16_pinned_mode_a_medium,int4_sym_g128_scale_est,INT4_SCALE_EST,308.51,16,8,True,True,mode_a,medium,4,108,65,0.0,0.0,1.276,24.034,1539.463,1539.927,42.22
int4_sym_g128_scale_est_t16_pinned_mode_a_medium,int4_sym_g128_scale_est,INT4_SCALE_EST,308.51,16,8,True,True,mode_a,medium,5,108,65,0.0,0.0,1.211,25.181,1612.771,1613.221,40.3
fp32_t4_pinned_mode_b_medium,fp32,FP32,944.08,4,4,True,True,mode_b,medium,1,608,65,3.797,0.039,1.292,61.181,3916.888,3922.241,16.59
fp32_t4_pinned_mode_b_medium,fp32,FP32,944.08,4,4,True,True,mode_b,medium,2,608,65,3.438,0.031,1.264,67.628,4329.43,4334.512,15.01
fp32_t4_pinned_mode_b_medium,fp32,FP32,944.08,4,4,True,True,mode_b,medium,3,608,65,5.508,0.033,2.196,65.398,4187.687,4195.409,15.52
fp32_t4_pinned_mode_b_medium,fp32,FP32,944.08,4,4,True,True,mode_b,medium,4,608,65,3.473,0.027,1.417,67.435,4317.272,4322.267,15.06
fp32_t4_pinned_mode_b_medium,fp32,FP32,944.08,4,4,True,True,mode_b,medium,5,608,65,4.049,0.031,1.705,67.152,4299.442,4305.426,15.12
fp32_t8_pinned_mode_b_medium,fp32,FP32,944.08,8,8,True,True,mode_b,medium,1,608,65,3.194,0.035,1.347,56.358,3608.283,3613.296,18.01
fp32_t8_pinned_mode_b_medium,fp32,FP32,944.08,8,8,True,True,mode_b,medium,2,608,65,3.762,0.027,1.413,64.18,4108.92,4114.138,15.82
fp32_t8_pinned_mode_b_medium,fp32,FP32,944.08,8,8,True,True,mode_b,medium,3,608,65,4.03,0.031,1.302,61.46,3934.715,3940.626,16.52
fp32_t8_pinned_mode_b_medium,fp32,FP32,944.08,8,8,True,True,mode_b,medium,4,608,65,3.825,0.028,1.45,61.348,3927.741,3933.059,16.55
fp32_t8_pinned_mode_b_medium,fp32,FP32,944.08,8,8,True,True,mode_b,medium,5,608,65,3.362,0.026,1.563,62.799,4020.685,4025.652,16.17
int4_sym_g128_awq_t4_pinned_mode_b_medium,int4_sym_g128_awq,INT4_AWQ,308.51,4,4,True,True,mode_b,medium,1,608,65,3.22,0.037,1.322,34.055,2180.845,2185.687,29.8
int4_sym_g128_awq_t4_pinned_mode_b_medium,int4_sym_g128_awq,INT4_AWQ,308.51,4,4,True,True,mode_b,medium,2,608,65,3.113,0.069,1.389,34.822,2230.008,2234.956,29.15
int4_sym_g128_awq_t4_pinned_mode_b_medium,int4_sym_g128_awq,INT4_AWQ,308.51,4,4,True,True,mode_b,medium,3,608,65,3.419,0.026,1.316,34.299,2196.451,2201.361,29.59
int4_sym_g128_awq_t4_pinned_mode_b_medium,int4_sym_g128_awq,INT4_AWQ,308.51,4,4,True,True,mode_b,medium,4,608,65,3.603,0.03,1.351,34.053,2180.772,2186.204,29.81
int4_sym_g128_awq_t4_pinned_mode_b_medium,int4_sym_g128_awq,INT4_AWQ,308.51,4,4,True,True,mode_b,medium,5,608,65,3.363,0.025,1.311,38.032,2435.372,2440.431,26.69
int4_sym_g128_awq_t8_pinned_mode_b_medium,int4_sym_g128_awq,INT4_AWQ,308.51,8,8,True,True,mode_b,medium,1,608,65,3.871,0.044,1.81,34.12,2185.48,2191.394,29.74
int4_sym_g128_awq_t8_pinned_mode_b_medium,int4_sym_g128_awq,INT4_AWQ,308.51,8,8,True,True,mode_b,medium,2,608,65,4.507,0.032,1.367,31.568,2021.736,2027.904,32.15
int4_sym_g128_awq_t8_pinned_mode_b_medium,int4_sym_g128_awq,INT4_AWQ,308.51,8,8,True,True,mode_b,medium,3,608,65,3.845,0.026,1.702,32.542,2084.383,2089.722,31.18
int4_sym_g128_awq_t8_pinned_mode_b_medium,int4_sym_g128_awq,INT4_AWQ,308.51,8,8,True,True,mode_b,medium,4,608,65,4.09,0.028,1.432,29.599,1895.736,1901.282,34.29
int4_sym_g128_awq_t8_pinned_mode_b_medium,int4_sym_g128_awq,INT4_AWQ,308.51,8,8,True,True,mode_b,medium,5,608,65,3.543,0.026,1.445,29.683,1901.168,1906.204,34.19
