Variant,Device,Total_Size_MB,Compression_Ratio,Size_Reduction_%,Compile_Time_s,Avg_Latency_s,Avg_Tokens_Per_Sec,Avg_Repetition_Ratio
awq/int4_asym_g128_awq,CPU,310.09,3.04x,67.2%,2.59,2.888,44.61,0.022
awq/int4_sym_g128_awq,CPU,308.51,3.06x,67.3%,1.52,2.732,47.1,0.0153
fp16,CPU,944.12,1.0x,-0.0%,1.43,6.21,20.64,0.0121
fp32,CPU,944.08,1.0x,0.0%,1.11,6.325,20.29,0.011
int4_asym/g128,CPU,310.09,3.04x,67.2%,1.8,2.951,44.01,0.031
int4_asym/g256,CPU,309.12,3.05x,67.3%,1.79,2.79,46.06,0.0205
int4_asym/g32,CPU,330.09,2.86x,65.0%,1.81,3.311,38.83,0.0059
int4_asym/g64,CPU,316.76,2.98x,66.4%,2.81,3.387,38.77,0.0071
int4_sym/g128,CPU,308.51,3.06x,67.3%,1.57,2.772,45.93,0.0178
int4_sym/g256,CPU,307.73,3.07x,67.4%,1.58,2.783,46.32,0.0149
int4_sym/g32,CPU,324.51,2.91x,65.6%,1.51,3.001,42.86,0.0231
int4_sym/g64,CPU,313.84,3.01x,66.8%,1.73,2.876,44.73,0.019
int8_asym,CPU,474.74,1.99x,49.7%,1.66,3.641,35.22,0.0136
ratio_experiments/int4_sym_g128_r0.5,CPU,392.82,2.4x,58.4%,1.4,3.24,39.66,0.0229
ratio_experiments/int4_sym_g128_r0.8,CPU,342.68,2.75x,63.7%,1.7,2.985,43.15,0.025
scale_estimation/int4_asym_g128_scale_est,CPU,310.09,3.04x,67.2%,1.7,2.768,46.44,0.039
scale_estimation/int4_sym_g128_scale_est,CPU,308.51,3.06x,67.3%,1.62,2.855,45.05,0.0172
